in/IN,2.6662910726504667
the/DT,1.549105015222996
right/JJ,7.96113638112083
hands/NNS,6.9223651813971845
",/,",2.4720887433222556
location/NN,10.770419139338774
data/NNS,10.304144276456423
can/MD,7.670951713225199
be/VB,1.257608104082868
a/DT,4.070732126856348
force/NN,7.7480031181920594
for/IN,5.892512354255723
good/JJ,7.907905679458013
./.,2.7678940214298846
</s>,4.476408936812337e-05
,
it/PRP,3.463077387971617
can/MD,5.0734630344459415
provide/VB,6.683465070243773
publishers/NNS,11.100129522423723
and/CC,3.6645376957714544
app/NN,13.792782891803878
developers/NNS,10.855428508645529
with/IN,5.417410070902362
advertising/NN,11.146374641431414
revenue/NN,5.263467751149625
so/IN,9.146747576877873
consumers/NNS,12.729614651727413
can/MD,7.477157401975467
access/VB,6.421152273864799
free/JJ,9.366079168618475
services/NNS,9.589344496731947
and/CC,2.5734163029245516
information/NN,8.839911304365238
./.,2.318192245012869
</s>,3.200820544410402e-05
,
paying/VBG,12.408436497704555
for/IN,3.2934496283068944
college/NN,8.747532281209844
seems/VBZ,9.982736324441285
out/IN,8.835922305950135
of/IN,0.05684823553779337
reach/NN,5.48325778758224
for/IN,2.5657229056118402
many/JJ,5.656168112555536
americans/NNPS,8.985689348153747
",/,",2.7872778735182364
so/CC,7.097807428938736
the/DT,1.3120215055528515
idea/NN,7.276827893714799
of/IN,1.2552010737300558
free/JJ,9.1171593584329
college/NN,10.454407065230557
has/VBZ,5.465016938734051
broad/JJ,11.98389621989123
appeal/NN,5.260906355492178
./.,1.6925708030611202
</s>,3.95782647863095e-05
,
several/JJ,6.1078379084515335
democratic/JJ,11.365318247583847
presidential/JJ,4.813291642203452
candidates/NNS,10.853076878490056
and/CC,4.426377677136234
members/NNS,8.562739465864155
of/IN,0.3489353568018828
congress/NNP,10.109248869015222
have/VBP,7.4246826389986795
endorsed/VBN,13.160565556698142
it/PRP,6.446095717660184
./.,2.7857604699419536
</s>,2.6226078098172394e-06
,
very/RB,8.97980209858798
few/JJ,3.627508213081452
issues/NNS,7.308836589609529
can/MD,8.115636156724582
bring/VB,5.925495043644788
together/RB,8.611774857487536
lawmakers/NNS,14.805047422712502
of/IN,4.337523451241196
both/DT,6.545575682983862
parties/NNS,5.631740908337999
./.,1.2810558807052488
</s>,3.349837174132207e-05
,
animal/JJ,12.676057904015428
cruelty/NN,12.212301838966303
is/VBZ,5.711097891758473
CD/CD,3.786349512878044
of/IN,1.0718104636284458
them/PRP,5.1731465482918395
./.,1.8504236951806934
</s>,2.384185945587643e-07
,
koalas/NNP,15.511235534189181
have/VBP,6.6593372020883255
been/VBN,1.611287338796741
running/VBG,9.02846746478692
into/IN,5.212249969375102
hard/JJ,10.689185779326017
times/NNS,4.565242899958556
./.,0.7716489478092324
</s>,1.192099995678355e-05
,
they/PRP,4.372578697472465
have/VBP,3.0416497446870028
suffered/VBN,9.915583042013678
for/IN,5.56996531339508
years/NNS,6.4073328489121755
from/IN,5.837855431386306
habitat/JJ,14.125828569396026
destruction/NN,10.440393762613105
",/,",3.1667600149393063
dog/NN,11.790514531890162
attacks/NNS,9.359042238315775
",/,",2.199775451470793
automobile/NN,12.513543059961473
accidents/NNS,11.280930806510707
./.,2.617873004090516
</s>,0.00020202054977881372
,
some/DT,5.538290262080326
recent/JJ,11.031431205398716
reports/NNS,6.219345427008466
have/VBP,6.019825507666495
suggested/VBN,5.4088492897851195
that/IN,0.49057171775777225
women/NNS,7.683043278324039
who/WP,4.11343748180058
give/VBP,11.090833065369267
birth/NN,5.0884735866671695
by/IN,5.359439958342635
cesarean/JJ,14.427507742075884
section/NN,8.71177244394012
are/VBP,6.052236695435479
more/RBR,4.993951087048708
likely/JJ,2.8828107474755034
to/TO,0.3162739701366939
have/VB,2.3745378837894884
obese/JJ,14.9274413333306
children/NNS,8.87616850001505
./.,2.196415979820115
</s>,1.4841666814997442e-05
,
but/CC,5.857395859260981
a/DT,5.645355403217345
large/JJ,5.481923209262341
new/JJ,9.023078724893784
study/NN,8.176197138030945
found/VBD,3.9558096443479966
no/DT,3.488919300470289
link/NN,10.825244611436998
between/IN,2.733673692553335
the/DT,0.8066253765527686
method/NN,10.456710571357588
of/IN,0.6496540751877498
birth/NN,3.7803791399904196
and/CC,3.3944826872757967
obesity/NN,14.774867900415648
./.,3.4580073258553536
</s>,0.00032710417912159136
,
pancreatic/JJ,15.17836462280559
cancer/NN,10.39880976660916
has/VBZ,7.020691321330762
a/DT,2.616025870328916
bad/JJ,7.207499589408352
reputation/NN,10.88836307400615
./.,2.303347248659827
</s>,9.501431567622925e-05
,
it/PRP,3.463077387971617
is/VBZ,1.402956899958341
a/DT,1.9027105672138929
terrible/JJ,6.956326699709281
disease/NN,10.129841808535904
",/,",2.0225168327044845
but/CC,2.7738927161141533
most/JJS,5.676859602718199
people/NNS,5.45374417289428
do/VBP,5.087146837136586
not/RB,0.6820074680708998
realize/VB,5.675950542123485
there/EX,8.957424425361717
are/VBP,2.232626916535409
ways/NNS,11.112516509189991
that/IN,7.199554980061993
early/JJ,8.034201550774698
detection/NN,11.479020590251418
can/MD,7.677730523738974
help/VB,4.847759729236007
./.,3.715178679980182
</s>,0.00020202054977881372
,
some/DT,5.538290262080326
nutrition/NN,14.213738965661447
experts/NNS,10.39880976660916
say/VBP,3.6655519845049183
eggs/NNS,10.581849393665044
are/VBP,3.5552051990933644
good/JJ,9.58708243713659
for/IN,4.181948138140507
you/PRP,7.05040318859523
",/,",2.478924197429318
even/RB,6.787791286412675
though/IN,1.3154944946486145
they/PRP,3.247615290479792
are/VBP,2.8055714515650556
high/JJ,9.03906994810612
in/IN,2.0630883820430395
cholesterol/NN,14.85331927711905
./.,3.715449694245627
</s>,0.00032710417912159136
,
others/NNS,7.832635784577602
are/VBP,2.7722152828739066
sure/JJ,9.80483330421085
they/PRP,4.9554292989599364
are/VBP,3.3412326438981976
bad/JJ,10.922574883317857
./.,2.71207590489807
</s>,9.501431567622925e-05
,
experts/NNS,10.616815990370233
generally/RB,9.303208924722346
agree/VBP,6.97982296877372
that/IN,1.3059827458879651
watching/VBG,11.607541910060485
a/DT,2.503231206705
lot/NN,6.230943087604858
of/IN,0.5398569628895957
television/NN,8.12106265901324
is/VBZ,6.181575202694047
bad/JJ,10.035791799378524
for/IN,5.533881272144261
children/NNS,6.3993145568428424
./.,1.776881660154066
</s>,7.51021331357049e-06
,
now/RB,8.340665495277797
a/DT,3.942722901971965
new/JJ,5.154129498008802
study/NN,7.682818776277473
suggests/VBZ,10.114762409020395
it/PRP,7.813109632730503
may/MD,5.057324215529147
not/RB,2.913105629285517
be/VB,1.0208829227048954
very/RB,4.017039526623876
good/JJ,3.4315087160881594
for/IN,4.267035334823406
adults/NNS,8.808717723593428
",/,",2.0131611992131404
either/RB,11.371080236520555
./.,0.8261424792404519
</s>,0.00010753256591089632
,
legislators/NNS,14.211534470693413
and/CC,4.021437233892985
gun/NN,9.598897922282779
safety/NN,10.623420264933959
advocates/NNS,12.372286372261566
often/RB,8.826664992842261
focus/VBP,12.029779833039322
on/IN,0.2699970754547181
how/WRB,5.885949295965163
guns/NNS,10.320290003128498
are/VBP,6.2304024406250225
purchased/VBN,11.655570611481211
./.,3.7250316718516125
</s>,0.000287753022908174
,
but/CC,5.857395859260981
many/JJ,4.047551311949649
lives/NNS,6.748961412438461
could/MD,8.2561230902279
be/VB,1.7944367991615617
saved/VBN,5.40184206283012
",/,",1.963367911706399
especially/RB,6.329350508792219
among/IN,9.142995974985858
children/NNS,9.582733774929961
",/,",2.360325868078511
if/IN,7.189917279896758
they/PRP,2.996739434257719
looked/VBD,7.2352296216832785
more/RBR,8.600299464159582
at/IN,5.961386819040342
how/WRB,7.256815666154569
they/PRP,2.9926198792678433
are/VBP,2.500040975058657
stored/VBN,10.047528996631554
./.,3.594227338922844
</s>,0.000287753022908174
,
most/JJS,6.0161660091782
cricket/NN,11.272681334898037
species/NNS,5.934569761754787
",/,",2.148221100833228
indoors/NNS,14.397180393816058
or/CC,6.32162349373715
outdoors/RB,9.355246657048484
",/,",1.525087440893503
are/VBP,6.042647119298686
omnivorous/JJ,10.177178122619166
./.,1.7597877980182495
</s>,0.00020202054977881372
,
they/PRP,4.372578697472465
will/MD,5.542148473662148
eat/VB,8.487294113999658
almost/RB,8.896610389953633
any/DT,5.646675475251158
organic/JJ,11.008247166872888
material/NN,9.028524108380205
",/,",1.8561854538588924
usually/RB,5.475970566279933
preferring/VBG,12.73021079100799
items/NNS,9.427238822049016
derived/VBN,10.842523209974825
from/IN,0.45554585251228963
plants/NNS,10.403396055597385
./.,2.254492057345822
</s>,5.269189214588696e-05
,
the/DT,1.633307282402956
american/JJ,7.0870787639564385
medical/JJ,7.935607159677786
malpractice/NN,13.234220648652835
system/NN,8.116644688995313
is/VBZ,3.3324420647886743
doing/VBG,8.015253578044451
almost/RB,9.330991225678885
nothing/NN,5.6814622400605845
to/TO,2.4070006494645564
improve/VB,6.483625091573876
the/DT,1.0537568840258695
quality/NN,4.606833112942251
of/IN,0.046792570126477216
health/NN,9.982233670115484
care/NN,3.128541707565791
",/,",1.8115220726549814
research/NN,10.619246829452909
suggests/VBZ,6.708803637641116
./.,5.210622732489883
</s>,0.00032710417912159136
,
what/WP,7.555996994525547
may/MD,5.870893613076112
be/VB,1.0260560945816233
more/RBR,4.011291122939216
concerning/VBG,10.7743542572627
is/VBZ,6.198407790499361
that/IN,4.818117630299858
there/EX,4.6840436265390375
is/VBZ,1.4378266959862205
very/RB,6.7951519601794494
little/JJ,2.593302118563176
discussion/NN,7.326714781305571
",/,",3.749870117766758
much/RB,8.539184480879843
less/JJR,4.588820220018269
action/NN,9.724625055081496
",/,",2.3193509058316635
on/IN,4.83721550131966
reform/NN,13.721443049160188
./.,2.161796981360564
</s>,0.00015826284436953
,
many/JJ,5.786380911373914
studies/NNS,8.762854833711174
have/VBP,2.71296976843117
found/VBN,6.219618513600495
that/IN,5.90969585602921
obesity/NN,14.828722832897178
is/VBZ,5.177753790804411
associated/VBN,7.2826223491013184
with/IN,0.045586261914353284
an/DT,5.043049569503639
increased/VBN,6.984707672789998
risk/NN,3.5104038009389793
for/IN,3.783397368530316
prostate/NN,9.421657816300618
cancer/NN,0.35685677911635366
./.,1.9548645800872266
</s>,4.315469521479008e-05
,
now/RB,8.340665495277797
a/DT,3.942722901971965
new/JJ,5.154129498008802
study/NN,7.682818776277473
suggests/VBZ,10.114762409020395
that/IN,0.582040506000054
the/DT,1.0461493270854245
degree/NN,10.092086320766082
of/IN,1.6032634514456319
risk/NN,10.594985181103556
may/MD,7.964059282637876
depend/VB,6.7526989685614085
on/IN,0.7867325380296104
where/WRB,8.726228763929464
in/IN,4.933242740296393
the/DT,1.672031145359489
body/NN,8.087671260770168
the/DT,5.597960833731229
fat/NN,13.266320987434264
is/VBZ,5.632613588088244
./.,4.599528391993237
</s>,2.640520540289677e-05
,
in/IN,2.6662910726504667
general/JJ,5.994649963293735
",/,",0.22131453197098594
any/DT,9.134065168444172
exercise/NN,11.534486871781024
improves/VBZ,12.88428389759401
our/PRP$,9.599601592287199
health/NN,9.75268781090236
./.,2.3854917415938797
</s>,4.7446423702409264e-05
,
but/CC,5.857395859260981
a/DT,5.645355403217345
wealth/NN,10.87239096225009
of/IN,1.5519797466598972
recent/JJ,10.820433359885188
science/NN,9.855708921840554
and/CC,3.214998942379022
personal/JJ,8.39334265548426
experience/NN,3.7789448597359936
indicate/VBP,11.084747102709974
that/IN,0.9162083944889761
different/JJ,10.425658599568997
people/NNS,6.093392640870636
can/MD,6.457026549613645
respond/VB,8.465073937593756
to/IN,1.4849938621685517
similar/JJ,9.390401144697261
exercise/NN,11.68812110564832
routines/NNS,13.184306590557965
in/IN,4.3935927798066565
different/JJ,6.879253420184038
ways/NNS,1.996376044660742
./.,0.8055484805306261
</s>,1.4305217447786969e-05
,
a/DT,3.8996746921073853
lifelong/JJ,8.989101779261564
swimmer/NN,12.12740644762165
leapt/VBZ,13.711823769675698
into/IN,6.293270842453077
deep/JJ,8.781263771271151
water/NN,4.845528524280896
near/IN,8.361790101696453
his/PRP$,5.119420790834028
lakeside/NN,13.423191504649763
home/NN,9.0191990992706
",/,",2.728649451880422
and/CC,2.6167378296396695
was/VBD,3.618302708138171
horrified/JJ,15.199780045721491
to/TO,2.1269424054201496
find/VB,5.256907225702665
himself/PRP,4.8778321813260375
completely/RB,10.529027631114742
unable/JJ,10.503003814393724
to/TO,0.1349224741313971
swim/VB,11.286721808019585
./.,2.9969183451194445
</s>,0.000287753022908174
,
had/VBD,7.746457392819132
his/PRP$,5.730420495083352
wife/NN,5.02001013332165
not/RB,4.990558918689709
rescued/VBD,12.347055335588065
him/PRP,7.1492423444875275
",/,",2.6011113359060656
he/PRP,3.250617631182547
might/MD,8.10535649583542
have/VB,1.695110116927525
drowned/VBN,13.606015839999454
./.,2.3025609158505693
</s>,0.000287753022908174
,
scientists/NNS,10.556778616914016
have/VBP,3.580886621411055
used/VBN,6.110801335466217
genetically/RB,14.047830801955945
reprogrammed/VBN,13.160374442135423
bacteria/NNS,10.921891015545238
to/TO,4.037501449052767
destroy/VB,6.238396095033861
tumors/NNS,14.600859242352996
in/IN,4.136150411416383
mice/NNS,9.618031483371523
./.,1.4251655864646287
</s>,0.00011200339867738896
,
the/DT,1.633307282402956
innovative/JJ,12.886797399481521
method/NN,9.852052877229898
CD/CD,6.056518122157392
day/NN,6.316713921801867
may/MD,7.329642287992804
lead/VB,5.024327710629523
to/IN,0.150342757554413
cancer/NN,11.693201759656013
therapies/NNS,13.837830896821723
that/WDT,6.023198564569221
treat/VBP,13.20304525830326
the/DT,2.7457882835031047
disease/NN,8.266790736705232
more/RBR,9.122994569575566
precisely/RB,11.872209329955554
",/,",3.679171775329978
without/IN,7.539347001718107
the/DT,2.157953736581848
side/NN,7.9104924035514825
effects/NNS,5.180476137159858
of/IN,1.6013938214276735
conventional/JJ,11.805695935925291
drugs/NNS,10.593069430306185
./.,2.285311882505336
</s>,0.00011873950084285858
,
a/DT,3.8996746921073853
cluster/NN,9.732037076495843
of/IN,1.4204285932820668
police/NN,9.972166768088913
suicides/NNS,12.554939625538847
has/VBZ,6.4819267048092835
prompted/VBN,9.187485833377162
leaders/NNS,10.145375738348772
to/TO,5.116484534323442
plead/VB,9.884773302176873
with/IN,2.034147512371111
troubled/JJ,12.859458806672404
officers/NNS,9.401604602725735
to/TO,2.9730704713113054
seek/VB,6.891347978643498
help/NN,10.684258016968501
./.,1.5388457091860555
</s>,4.7446423702409264e-05
,
but/CC,5.857395859260981
resistance/NN,11.077261168314141
is/VBZ,6.037396073994113
strong/JJ,7.680990984230654
./.,2.8608694141243634
</s>,6.39578285182721e-05
,
positional/JJ,14.842255125488704
vertigo/NN,13.631936961425325
is/VBZ,5.177753790804411
a/DT,2.507780654331738
common/JJ,5.022683664873125
type/NN,5.464341590526276
of/IN,0.6149515849927272
dizziness/NN,14.752779201618557
that/WDT,5.765756426437457
can/MD,4.067669918941175
be/VB,0.7338475695185057
treated/VBN,6.705090949437173
with/IN,2.498179104752462
a/DT,2.416832227294622
simple/JJ,6.944567627897871
maneuver/NN,12.10703271420182
./.,3.7953369630130185
</s>,0.00032710417912159136
,
vertigo/NNP,13.122617803073053
is/VBZ,5.504740906499875
an/DT,3.9899608956717563
illusory/JJ,14.298302784752707
sensation/NN,10.921891015545238
of/IN,3.870564029810699
motion/NN,9.613778608704763
that/WDT,5.4897589063338
is/VBZ,3.2813226033976224
often/RB,5.06248615079062
accompanied/VBN,6.436680216956422
by/IN,0.21041708750137303
intense/JJ,9.109961247173691
nausea/NN,12.821151389255789
./.,3.9128668928806762
</s>,0.00032710417912159136
,
when/WRB,4.868044813129757
new/JJ,8.197975678616013
breast/NN,11.360960375036845
cancer/NN,2.4389303666905953
drugs/NNS,11.243573665961971
come/VBP,10.735218139471117
to/IN,1.8985988410133334
market/NN,9.383278327970594
",/,",1.9531645815130692
there/EX,4.239578619399018
is/VBZ,1.2317249753110313
little/JJ,3.057802609372865
data/NNS,9.977208047891514
to/TO,3.407635283585488
indicate/VB,7.391346502797839
whether/IN,10.379340718872369
they/PRP,2.9744563972787783
are/VBP,1.6106278784261074
safe/JJ,9.898343587422433
or/CC,6.255008095187266
effective/JJ,10.173626845630242
in/IN,2.777508695744191
men/NNS,8.999820082610942
./.,2.8371723596398155
</s>,1.6927861868707186e-05
,
some/DT,5.538290262080326
new/JJ,7.102755914562089
drugs/NNS,10.867863158923225
are/VBP,4.70736121500026
approved/VBN,11.34624455370752
only/RB,7.860938009248139
for/IN,4.4932016898955425
women/NNS,6.908789139688892
./.,1.3430232809864138
</s>,7.629423439780505e-06
,
polio/NNP,15.511235534189181
is/VBZ,5.177753790804411
an/DT,3.9899608956717563
infectious/JJ,12.884764907619935
disease/NN,9.872647428560146
that/WDT,6.578507254983863
can/MD,4.067669918941175
spread/VB,9.02852226631213
rapidly/RB,9.603817625592471
and/CC,2.8581687120687906
mainly/RB,9.623699757094947
affects/VBZ,11.311999587170476
young/JJ,9.505661416438755
children/NNS,4.55581910994846
./.,2.177508993104522
</s>,1.4007190175064601e-05
,
it/PRP,3.463077387971617
can/MD,5.0734630344459415
cause/VB,6.044288632211481
muscle/NN,11.174231315886455
weakness/NN,10.891565969870506
",/,",2.264650233845478
paralysis/NN,14.88302676947184
and/CC,4.021437233892985
",/,",3.9452212067978634
on/IN,3.8842280302695444
rare/JJ,11.596760285621048
occasions/NNS,11.171517489095852
",/,",1.71818931875407
it/PRP,4.713987824639388
can/MD,5.073087713075783
be/VB,0.34774521964486693
fatal/JJ,6.477650804291593
./.,2.4359010857422523
</s>,0.00014932077818673853
,
in/IN,2.6662910726504667
general/JJ,5.994649963293735
",/,",0.22131453197098594
mammalian/JJ,13.09295429009554
hearts/NNS,11.967251753288014
are/VBP,6.357101264332983
quite/RB,7.015421855345446
malleable/JJ,12.869678830607658
./.,2.3025609158505693
</s>,0.000287753022908174
,
they/PRP,4.372578697472465
change/VBP,14.353120428061619
in/IN,4.3935927798066565
response/NN,6.503562254860074
to/IN,0.20570842532579522
the/DT,0.7032382006364912
demands/NNS,9.812859194810992
placed/VBN,11.319147962591677
on/IN,2.0580201619948504
them/PRP,7.1693420702812904
./.,1.342251914980261
</s>,1.4305124653607722e-06
,
a/DT,3.8996746921073853
number/NN,3.5776929358870726
of/IN,0.007200712259329732
countries/NNS,5.550481298855183
",/,",1.6365736375124735
including/VBG,1.8002489844532974
australia/NNP,6.870292219519124
and/CC,2.5857130283551775
germany/NNP,9.196572524929644
",/,",0.9685435056798737
have/VBP,7.164654928065992
started/VBN,9.234915862673708
requiring/VBG,11.50195134441702
companies/NNS,9.308803515722794
to/TO,4.264485221832915
report/VB,7.492352161004135
their/PRP$,4.37962691044212
gender/NN,11.083955473955003
pay/NN,10.611200906362459
gaps/NNS,12.06370520076546
in/IN,4.473480048574048
recent/JJ,6.987814550855974
years/NNS,0.6469194790796082
./.,1.2492807820682041
</s>,3.81470446674721e-06
,
proponents/NNS,10.74013415864466
argue/VBP,12.65297218587307
that/IN,0.31387113048875087
transparency/NN,14.23714842726788
can/MD,7.29229758140357
lead/VB,4.989020331330571
to/IN,0.35699960846967216
improvement/NN,11.778173596825754
./.,3.1072761829394446
</s>,0.00020202054977881372
,
an/DT,5.604913719678034
extensive/JJ,6.052371857180437
study/NN,9.464927995368164
confirms/VBZ,12.525757813362787
that/IN,0.9987917140900522
red/JJ,10.484875331698072
meat/NN,11.200347236011194
might/MD,8.868691545701079
not/RB,3.2236340969947683
be/VB,1.2516226262370338
that/RB,11.893525971970966
bad/JJ,10.070116435359786
for/IN,5.405722148970325
you/PRP,6.42530314401194
./.,2.1175597856315154
</s>,1.156336819660245e-05
,
but/CC,5.857395859260981
it/PRP,3.788392826889567
is/VBZ,2.26011414121228
bad/JJ,10.746263640162208
for/IN,5.533881272144261
the/DT,1.660796141915243
planet/NN,8.347737885390927
",/,",2.1168962266594167
with/IN,4.5583864923271475
chicken/NN,13.850150648103275
and/CC,4.021437233892985
pork/NN,13.033902653317632
less/RBR,9.386690068302883
harmful/JJ,11.919247919786292
than/IN,7.702629757900574
beef/NN,8.349617485602339
./.,3.843608817419564
</s>,0.00032710417912159136
,
the/DT,1.633307282402956
caterpillar/NN,15.05664536961974
of/IN,4.5949658196314696
the/DT,2.047444734050493
monarch/NN,8.331152595224601
butterfly/NN,11.992342102012334
eats/VBZ,11.67049458650294
only/RB,7.408488327781144
milkweed/VB,14.266662962989876
",/,",3.236870046884826
a/DT,3.6792889769112116
poisonous/JJ,12.707211880323635
plant/NN,10.02422499342238
that/WDT,5.379732180250173
should/MD,7.9908724255287735
kill/VB,11.882993256980084
it/PRP,5.230110891682948
./.,2.9139195931158905
</s>,2.6226078098172394e-06
,
the/DT,1.633307282402956
caterpillars/NNS,15.05664536961974
thrive/VBP,13.631936961425325
on/IN,4.949701848799623
the/DT,1.5161729827059764
plant/NN,9.624959040882304
",/,",2.553357793403953
even/RB,7.088588338743405
storing/VBG,13.967574428798146
its/PRP$,7.115628286265963
toxins/NNS,12.470602841337755
in/IN,3.1273825862299782
their/PRP$,4.699737816274376
bodies/NNS,6.008998752559236
as/IN,5.792396184670852
a/DT,2.0830920900384258
defense/NN,9.413331668604352
against/IN,4.863703058678407
hungry/JJ,12.282292827262516
birds/NNS,9.21068345715504
./.,2.3121530248309643
</s>,2.789536248977445e-05
,
a/DT,3.8996746921073853
decline/NN,8.536086582895729
in/IN,0.21772245317421338
income/NN,12.06062871682271
in/IN,3.9151213539452265
young/JJ,9.051881301305029
adulthood/NN,12.790692793645663
may/MD,7.7189728161151185
lead/VB,4.896168587455586
to/IN,0.150342757554413
poorer/JJR,12.872237232904483
cognitive/JJ,11.71989931277524
ability/NN,9.825637160526052
in/IN,5.261179902601225
middle/JJ,10.012943247500745
age/NN,9.745795022426483
./.,2.3043497942093163
</s>,3.391561858085334e-05
,
income/NN,11.90789709631187
reductions/NNS,11.929752082722022
are/VBP,3.6292519607723763
also/RB,4.042356910238364
linked/VBN,8.276168475013469
to/IN,0.6134199514405695
changes/NNS,3.2344394380606616
in/IN,0.2230755168139165
brain/NN,13.065041893081245
structure/NN,9.053971818310957
that/WDT,4.219615897418287
suggest/VBP,7.886881235490902
premature/JJ,12.830941290295671
aging/NN,2.3370955475923125
",/,",2.223504880301749
researchers/NNS,10.182868961676503
report/VBP,12.704101087863002
./.,3.715449694245627
</s>,0.00032710417912159136
,
many/JJ,5.786380911373914
patients/NNS,11.92258137222542
with/IN,4.264160327076294
the/DT,2.2034285027208282
mysterious/JJ,9.921608907202044
illness/NN,10.861149972084602
have/VBP,7.419078146882332
wound/VBN,14.127395708810317
up/RP,1.4800840599747602
hospitalized/VBN,13.244799645604086
in/IN,4.473480048574048
intensive/JJ,12.360898477167146
care/NN,4.187660621497716
units/NNS,9.376136399787653
",/,",2.233301596993507
needing/VBG,11.285354072474348
ventilators/NNS,14.002211065059509
or/CC,5.725089089559034
even/RB,4.722944420134116
more/RBR,3.3629048050519668
desperate/JJ,11.425499532608375
measures/NNS,10.211189607027782
to/TO,2.1204608816677317
help/VB,5.141720866942657
them/PRP,3.411445601397374
breathe/VB,14.221120132435548
./.,3.715449694245627
</s>,0.00032710417912159136
,
most/JJS,6.0161660091782
are/VBP,3.4805319040105487
young/JJ,9.291016045879415
",/,",2.9320729437305464
male/JJ,10.421403422317146
adults/NNS,10.52466054822737
or/CC,5.24806483842855
even/RB,4.851103543308053
teenagers/NNS,12.187198365506953
./.,2.029616508450968
</s>,0.00020202054977881372
,
the/DT,1.633307282402956
ground/NN,7.612694468304376
around/IN,6.1764904040331885
the/DT,0.5066091999046248
building/NN,7.709127422774494
slopes/NNS,11.797836752485885
away/RB,8.734272384434819
./.,1.8880747376906986
</s>,1.0311656460322316e-05
,
that/DT,6.171605700016911
allows/VBZ,11.136817762002943
the/DT,1.5558993451602972
classroom/NN,11.249249538216203
windows/VBZ,13.0911161364158
to/TO,5.477748161971724
be/VB,3.0180461751572296
low/JJ,10.075914344623946
enough/RB,7.019252896423169
for/IN,2.566110200424482
children/NNS,6.574394838007775
to/TO,3.920351215466944
see/VB,5.348584420921714
out/RP,6.151465218467002
while/IN,7.797131534253198
still/RB,5.0984283527997105
being/VBG,5.1013770432698
high/JJ,8.911284073975756
above/IN,7.581527827778155
the/DT,0.7687296152990799
ground/NN,7.7313885851950515
./.,1.9372775502761928
</s>,4.8279876613009764e-06
,
a/DT,3.8996746921073853
surge/NN,9.179395470394418
of/IN,2.946161771139049
oil/NN,8.517359658334408
production/NN,9.251766180384239
is/VBZ,5.336936333711785
coming/VBG,7.416816317545484
",/,",3.6516662451016177
whether/IN,8.944756292955592
the/DT,1.0896918098660662
world/NN,6.8852452071130275
needs/VBZ,11.841184298412552
it/PRP,7.127746561351881
or/CC,6.361347691761483
not/RB,3.3835753416902836
./.,2.014115850992696
</s>,1.65702280361995e-05
,
the/DT,1.633307282402956
flood/NN,8.250836354854385
of/IN,3.583314006616089
crude/NN,14.701182874854746
will/MD,7.511570226965791
arrive/VB,12.258517024367787
even/RB,8.424713535308229
as/IN,4.324102143251152
concerns/NNS,10.829835966112428
about/IN,2.272738524501638
climate/NN,11.569767080575879
change/NN,5.11171979499051
are/VBP,6.9424402695304535
growing/VBG,10.430872342995066
and/CC,3.779994838538399
worldwide/JJ,11.899572560425169
oil/NN,9.618936399313068
demand/NN,10.916736448556062
is/VBZ,6.153700798333789
slowing/VBG,13.431034109476501
./.,3.859740498322571
</s>,0.00032710417912159136
,
farmers/NNS,12.127171583942165
and/CC,3.4176312659911936
plant/NN,8.866760828100604
breeders/NNS,13.64729359218603
are/VBP,6.105397628769978
in/IN,4.1231601473557475
a/DT,3.1729139038588423
race/NN,7.997017104107938
against/IN,7.967194943017516
time/NN,8.701283017548985
./.,2.5981849805113795
</s>,7.391003417618984e-06
,
the/DT,1.633307282402956
world/NN,7.527373098717519
population/NN,6.922937834309812
is/VBZ,3.3995154475135534
growing/VBG,4.7770818798065555
rapidly/RB,9.728326230359976
",/,",2.703282102169416
requiring/VBG,9.008977693784288
ever/RB,9.069513576913138
more/JJR,8.063932529495437
food/NN,9.683371940555414
",/,",2.1018530928591224
but/CC,3.9108742357411987
the/DT,2.2387905914415898
amount/NN,8.057172600179426
of/IN,0.08571518071531195
cultivable/JJ,14.595645959443948
land/NN,1.4822728052607568
is/VBZ,2.0586220577381593
limited/JJ,8.6970319849503
./.,0.619120415303593
</s>,6.056015237573082e-05
,
CD/CD,3.7939259388680315
young/JJ,9.042635040605601
black/JJ,7.011551900579651
women/NNS,5.8675776602836915
face/VBP,12.055612535197625
futures/NNS,13.631936961425325
made/VBN,8.135104513685846
precarious/JJ,13.53370177360292
by/IN,5.5074766078488615
sudden/JJ,10.267243738531628
violence/NN,4.901381179589106
wrought/VBN,13.599478570661933
by/IN,0.642668308325817
men/NNS,8.103039634714849
in/IN,3.917789589550988
their/PRP$,4.1493009353994905
lives/NNS,5.866780044807478
./.,1.053416861285187
</s>,1.7345101800483175e-05
,
CD/CD,3.7939259388680315
is/VBZ,4.370843008829366
a/DT,1.2894932432615067
shy/JJ,10.788598969681999
florida/NNP,9.751436355904318
high/JJ,8.842104977183334
schooler/NN,14.160393595260997
struggling/VBG,10.664448186637944
to/TO,2.0164617246854384
find/VB,5.256907225702665
solace/NN,14.293964714437507
as/IN,5.409625951736986
her/PRP$,5.949096080330959
family/NN,4.638408001805461
tears/VBZ,14.314091610735368
itself/PRP,8.32375531035485
apart/RB,10.606257256167801
./.,1.6509300253087822
</s>,3.95782647863095e-05
,
CD/CD,3.7939259388680315
benefit/NN,13.118147334115005
of/IN,3.009304180593169
discovery/NN,10.380666086851894
is/VBZ,4.877247554970926
that/IN,4.946276753473795
you/PRP,5.738265632753692
get/VBP,5.147036154371325
to/TO,3.2439546406989503
name/VB,7.868617360791783
the/DT,1.527669306532426
things/NNS,9.174833588808177
you/PRP,6.861391346583646
discovered/VBD,10.530776214234361
./.,4.408236069705553
</s>,0.00032710417912159136
,
astronomy/NN,13.599197425022078
is/VBZ,5.5904378277154
blessed/VBN,14.06175522478881
in/IN,4.3935927798066565
this/DT,4.878805944561864
regard/NN,7.306109407825386
./.,4.138847889852825
</s>,0.00032710417912159136
,
on/IN,4.010544164335048
bright/JJ,13.985733766134047
mornings/NNS,12.886102018783438
in/IN,4.3935927798066565
the/DT,1.7839420768247136
tropics/NNS,11.168085716273255
",/,",3.680755032839921
crocodiles/NNS,14.754867646297901
haul/VBP,13.631936961425325
themselves/PRP,8.37544304974685
out/IN,8.720099282411914
of/IN,0.05684823553779337
the/DT,1.2242391330186022
water/NN,3.7989752777184584
to/TO,4.136089853428437
bask/VB,15.420642626290423
in/IN,4.136150411416383
the/DT,1.7839420768247136
sun/NN,9.290891015508866
./.,1.894706320913627
</s>,7.736981794644443e-05
,
like/IN,6.705937379717358
other/JJ,2.4658314683320444
reptiles/NNS,9.248940217699609
",/,",1.5113362645630368
they/PRP,5.3033008614488555
rely/VBP,9.79431279292096
on/IN,0.19652560084568033
its/PRP$,4.6210423655511175
warmth/NN,13.712237313958397
to/TO,5.1647780330298625
help/VB,5.0135617437687205
fuel/VB,13.885856835140336
their/PRP$,6.781144874541748
metabolisms/NNS,14.058595157007185
./.,3.4580073258553536
</s>,0.00032710417912159136
,
elephants/NNS,15.17836462280559
keep/VBP,11.71989931277524
surprising/JJ,11.152772143853788
us/PRP,9.497434510159998
./.,2.1511408478086973
</s>,3.95782647863095e-05
,
they/PRP,4.372578697472465
live/VBP,6.98008592399134
complex/JJ,10.660741024638225
social/JJ,5.7857283587585595
lives/NNS,10.835553284898333
",/,",1.819498757011684
cooperate/VBP,14.97917949933614
",/,",3.4943124152750995
show/VBP,10.90353135330625
altruism/NN,14.121895754057192
and/CC,3.7639948655027116
grieve/VB,14.3336037168134
their/PRP$,6.523702506151475
dead/JJ,8.08548841010201
./.,1.733815490125761
</s>,2.634560068517953e-05
,
the/DT,1.633307282402956
overwhelming/JJ,10.490699029915275
majority/NN,4.84331850310864
of/IN,2.4256840551676193
snails/NNS,13.435787335883967
live/VBP,10.172890018400484
in/IN,1.4129562441382826
shells/NNS,11.177471053112297
that/WDT,6.706104777653619
coil/NN,13.20304525830326
to/IN,5.241251949655399
the/DT,1.758150590939578
right/NN,5.396509736271764
./.,1.4842792779107916
</s>,1.1086525158918785e-05
,
but/CC,5.857395859260981
occasionally/RB,9.439657814748081
some/DT,5.954921390357725
are/VBP,5.760243116690791
born/VBN,6.669213450069196
with/IN,3.650221372955764
shells/NNS,11.06043065283541
that/WDT,6.577945654479681
turn/VBP,12.954950694615015
the/DT,4.898972905840343
other/JJ,6.692236998414043
way/NN,5.656334359199249
./.,2.2636092351249353
</s>,1.4424427804255494e-05
,
to/TO,5.704157670029681
visit/VB,6.312262334041582
venezuela/NNP,12.442620445736633
today/NN,9.363251824382788
is/VBZ,4.349435184444273
to/TO,3.014885416600077
see/VB,5.299969020819294
how/WRB,4.189557951614343
misrule/JJ,14.411523887135846
can/MD,7.034855673530315
shatter/VB,13.81035898433572
a/DT,5.655245236450264
country/NN,7.933255299263802
./.,1.9938138661243636
</s>,1.6391411580462677e-05
,
years/NNS,9.099557476948016
of/IN,3.6102864883954213
corrupt/JJ,13.235012737924825
",/,",2.685331379042944
incompetent/JJ,13.916196617359661
and/CC,4.021437233892985
autocratic/JJ,14.00073280542981
rule/NN,9.371994970239395
have/VBP,7.775362434267015
left/VBN,7.381000527457999
venezuelans/NNPS,14.169071808217982
hungry/JJ,11.320402871467357
and/CC,3.1431541428244407
children/NNS,8.371843418470974
dying/VBG,11.70866822372565
for/IN,5.557454447550807
want/NN,14.261013570464215
of/IN,1.4393730200312715
basic/JJ,9.698376275796893
medical/JJ,2.980374731743301
care/NN,4.787608608076196
./.,2.574811899749416
</s>,7.90984883101799e-05
,
california/NNP,10.556778616914016
has/VBZ,2.9437675431593537
positioned/VBN,12.10084359573036
itself/PRP,4.554808965868163
as/IN,3.0692492203871575
a/DT,0.739054428215144
leader/NN,9.44919558272028
in/IN,2.173468785196951
the/DT,1.5590386896760853
fight/NN,8.510397101530213
against/IN,4.25146893856073
climate/NN,11.324689133617964
change/NN,5.11171979499051
./.,2.568179994164574
</s>,4.7446423702409264e-05
,
it/PRP,3.463077387971617
leads/VBZ,9.607780374537514
the/DT,4.31198847333542
nation/NN,7.928844927776681
by/IN,5.223839340665159
far/RB,7.205106052204184
in/IN,5.400669586500768
solar/JJ,10.206673546884891
power/NN,3.9226588662471427
./.,2.254364701364328
</s>,1.1861395008807799e-05
,
this/DT,3.9519758401681613
has/VBZ,4.691351340848672
been/VBN,1.189218356486175
a/DT,3.374469078164511
golden/JJ,8.233729068647476
age/NN,2.1474301628537846
for/IN,4.748093484778306
brain/NN,11.89603878308295
research/NN,9.380769891770287
./.,2.309197196347087
</s>,2.9683553526871264e-05
,
we/PRP,6.695073552990103
now/RB,7.953690741964125
have/VBP,2.080643751309045
amazing/JJ,12.25809196715962
brain/NN,10.707729187855426
scans/NNS,13.586174464253125
that/WDT,6.023198564569221
show/VBP,7.099176085518011
which/WDT,7.4360136602413025
networks/VBZ,14.100040997905548
in/IN,4.136150411416383
the/DT,1.7839420768247136
brain/NN,10.508324628026616
ramp/NN,11.9733499196483
up/RP,7.46033241270096
during/IN,5.1718467390068446
different/JJ,10.975180663386435
activities/NNS,9.331133295179123
./.,1.8025225569741197
</s>,2.2590415970759633e-05
,
student/NN,11.461568607056089
debt/NN,10.960953450613845
is/VBZ,5.832573301182977
spiraling/VBG,14.397864261588678
",/,",3.4943124152750995
and/CC,2.395665944085784
young/JJ,8.910132781429258
people/NNS,3.332940344202798
are/VBP,3.566798254519571
defaulting/VBG,14.582932235852981
on/IN,4.949701848799623
their/PRP$,4.1182627791214585
loans/NNS,13.491023358904275
./.,2.3025609158505693
</s>,0.000287753022908174
,
you/PRP,6.906904934307295
might/MD,8.499467881386318
think/VB,5.518009783356763
that/IN,3.0285526406780523
students/NNS,8.650175759858927
would/MD,7.568654765298753
be/VB,1.7373195641202794
better/JJR,6.246384914014004
off/RP,6.228017653244209
scraping/VBG,13.931217761472318
by/IN,5.5074766078488615
with/IN,6.038132440706853
no/DT,5.447768043543923
loans/NNS,13.09073851246055
at/RB,8.97901346319363
all/RB,1.0840848079319674
./.,0.5916983537848536
</s>,1.2397842533950198e-05
,
the/DT,1.633307282402956
bombs/NNS,11.06614566903622
smashed/VBD,13.441573041447135
into/IN,2.5628204971021216
a/DT,2.074125363169288
child/NN,7.301480981529958
care/NN,5.416282955499342
center/NN,10.021741425141077
",/,",2.2593829092642976
a/DT,3.99772267976173
refugee/NN,14.027255131823459
camp/NN,3.0908958228463943
and/CC,3.4706697017987462
a/DT,3.9381016136903257
school/NN,7.295220943437636
./.,2.8132920193818647
</s>,1.865642861611347e-05
,
they/PRP,4.372578697472465
destroyed/VBD,9.982641227676943
makeshift/JJ,13.422119881547482
clinics/NNS,12.662934550536416
and/CC,4.021437233892985
hospitals/NNS,11.494775107716194
",/,",1.4220024101931283
disabling/VBG,14.602611509608764
essential/JJ,10.247873701953834
services/NNS,9.465958171938768
for/IN,4.290291444262646
tens/NNS,10.88543810016252
of/IN,0.35917559743425337
thousands/NNS,0.4867893533289147
of/IN,0.05102324326777057
people/NNS,3.628884007674516
./.,1.6806369650411506
</s>,2.6822125275344834e-06
,
to/TO,5.704157670029681
make/VB,3.1807694031621008
it/PRP,2.56873675924006
to/IN,4.578967228146838
the/DT,1.0796100101139445
big/JJ,9.218599744704752
game/NN,4.330430107603719
",/,",2.5939673353965427
the/DT,2.501270325239807
saudi/JJ,15.45382218670494
soccer/NN,10.895329545205007
fan/NN,10.091914087401125
resorted/VBN,13.325654000110534
to/IN,0.8242159753706965
unusual/JJ,11.4312619820621
measures/NNS,10.074461413430267
./.,2.6550754109210017
</s>,0.00011873950084285858
,
he/PRP,3.3303936850899465
first/RB,5.581873132203499
flew/VBD,10.98285978467157
to/IN,1.6824224816256617
kuwait/NNP,10.825805751424163
",/,",3.7163166175331392
where/WRB,4.843886090334063
he/PRP,1.6151843949890807
told/VBD,6.502715133804362
his/PRP$,3.761768495976295
parents/NNS,6.157993047205639
he/PRP,7.751412555939256
was/VBD,3.1944200486274066
going/VBG,7.0713267793352665
on/IN,4.341490575097915
vacation/NN,9.702843751394319
./.,3.1274178157819006
</s>,0.000287753022908174
,
it/PRP,3.463077387971617
was/VBD,1.1162241064531708
bound/VBN,11.998350237295483
to/TO,1.9765541027325972
happen/VB,9.327358667436178
./.,1.3427887857205434
</s>,5.269189214588696e-05
,
toothpaste/NN,15.511235534189181
",/,",3.236870046884826
perhaps/RB,8.056551823238355
the/DT,2.6006082210632466
last/JJ,7.042027305060954
part/NN,6.9706473974366485
of/IN,0.5197646974715333
your/PRP$,9.378543061726852
daily/JJ,10.421474802455029
grooming/VBG,13.360943419245762
regimen/NN,12.962957013241864
that/WDT,6.023198564569221
had/VBD,3.2493613407558093
not/RB,3.1106874627547154
been/VBN,1.1656881473174652
gussied/VBN,14.306969715042738
up/RP,7.089170892771934
",/,",2.9735689809839383
has/VBZ,5.7574569887282685
now/RB,7.201417771402226
been/VBN,1.3428147358545415
rethought/JJ,14.139230996188308
./.,3.4580073258553536
</s>,0.00032710417912159136
,
done/VBN,11.660035323976524
correctly/RB,12.02145898128877
",/,",3.4943124152750995
exfoliation/NN,15.087738787940003
helps/VBZ,10.141367628477397
your/PRP$,9.360653126846833
skin/NN,9.860604908523786
purge/VB,13.575371656030832
dead/JJ,9.35751240077999
cells/NNS,9.787902396022066
",/,",1.6010211480303724
revealing/VBG,9.707989798818652
a/DT,3.525264454870654
better/JJR,7.02700570043128
complexion/NN,14.14768677942531
underneath/RB,11.826699886885073
./.,1.6316288360252689
</s>,0.00020202054977881372
,
that/DT,6.171605700016911
magic/NN,12.420921574595788
draws/VBZ,10.980299310048162
us/PRP,9.724920476748927
to/IN,4.438064678034235
the/DT,1.6516887270969238
practice/NN,8.543717349893912
but/CC,8.76303996155265
also/RB,3.9447081908391444
makes/VBZ,7.664627202750274
us/PRP,6.672249178255799
overzealous/JJ,14.141021025839601
./.,3.4580073258553536
</s>,0.00032710417912159136
,
by/IN,4.844726533893006
the/DT,1.1905183269521267
time/NN,1.556122235397299
most/JJS,10.208395880534452
military/JJ,9.110246076949695
children/NNS,9.193368017255724
complete/VBP,13.7305923710272
secondary/JJ,9.848866790236723
school/NN,2.7234681749041667
",/,",2.5445052747554278
they/PRP,5.575338165451072
will/MD,4.940873277036065
have/VB,4.356413398827101
switched/VBN,13.755957418153113
schools/NNS,9.261616639412066
up/IN,9.517636470731889
to/IN,1.1837683678295674
CD/CD,1.6633004334623833
times/NNS,6.015390728777388
./.,1.83193861113169
</s>,1.1920936635693495e-06
,
these/DT,5.199514601484261
frequent/JJ,10.939395958197705
changes/NNS,8.953435657205123
between/IN,7.749753543379754
schools/NNS,10.055429856861144
of/IN,5.171923645348951
strikingly/RB,13.343197395934055
varying/VBG,10.99308832817167
quality/NN,9.575905689095197
trouble/NN,11.03543655216798
military/JJ,8.748264042752398
children/NNS,9.193368017255724
both/CC,9.550556529806425
socially/RB,11.693707637600943
and/CC,3.3456920604477993
academically/RB,13.792782891803878
./.,3.715449694245627
</s>,0.00032710417912159136
,
a/DT,3.8996746921073853
decade/NN,6.630773864268244
ago/RB,4.79575814749583
",/,",1.492090797838774
natural/JJ,10.319431829664339
gas/NN,3.4069313833225596
was/VBD,4.97081263970772
heralded/VBN,14.76147468396374
as/IN,5.409625951736986
the/DT,2.3136209228277473
fuel/NN,9.908977616157406
of/IN,5.0706746038983255
the/DT,2.047444734050493
future/NN,7.89121400986039
./.,0.6311873887936394
</s>,4.768382943583732e-06
,
in/IN,2.6662910726504667
shale/NN,15.427428344559477
fields/NNS,9.786500121700433
across/IN,8.66976937744925
the/DT,0.5640241131467296
country/NN,3.00639509458668
",/,",2.612865111771763
hydraulic/JJ,14.020434644519502
fracturing/NN,13.631936961425325
uncorked/VBD,13.374494823293558
a/DT,5.397803098318499
lucrative/JJ,10.11754139896913
new/JJ,8.520705774991548
source/NN,8.262260630793275
of/IN,1.0757194011598654
supply/NN,10.226531040726874
./.,2.765241673661265
</s>,9.501431567622925e-05
,
climate/NN,11.79772922176204
change/NN,5.239878918164446
will/MD,8.60605500585803
inevitably/RB,12.622759966867894
transform/VB,12.332235897929555
the/DT,3.2219037042973833
way/NN,7.333981509600552
the/DT,2.3592825667728756
world/NN,6.82324925477671
produces/VBZ,11.474161444929672
goods/NNS,11.082021993252416
./.,3.0968963595987367
</s>,0.00020202054977881372
,
farmers/NNS,12.127171583942165
who/WP,7.305751355843426
produce/VBP,12.489315950388516
wine/NN,10.086500019071968
grapes/NNS,11.543689153105175
",/,",1.9039977122808767
an/DT,5.352452533619435
especially/RB,9.840363113229785
sensitive/JJ,10.835588514450256
crop/NN,10.73857991370689
",/,",3.5059393187021737
are/VBP,6.042647119298686
already/RB,7.40119304743101
feeling/VBG,10.954363452077697
those/DT,8.951799670496552
effects/NNS,9.670028459941513
./.,1.8652511918870285
</s>,2.2590415970759633e-05
,
progressives/NNS,15.511235534189181
have/VBP,6.6593372020883255
long/RB,5.57901999901477
looked/VBN,12.409398287497899
to/IN,5.6084332209926755
federal/JJ,8.323950569570734
courts/NNS,10.709255341255062
to/TO,4.776753070655275
guard/VB,7.726705817891429
the/DT,1.1993515499375724
rights/NNS,8.363297604156836
of/IN,1.428815298966279
racial/JJ,11.577807016945087
minorities/NNS,11.479478113909398
and/CC,2.714431909965221
dissenters/NNS,13.49276019883992
./.,3.859740498322571
</s>,0.00032710417912159136
,
but/CC,5.857395859260981
that/DT,6.553705189913187
protection/NN,10.332152921527603
is/VBZ,5.2621069233596645
weakening/VBG,10.44564089352302
./.,2.9100798022148138
</s>,0.00020202054977881372
,
CD/CD,3.7939259388680315
years/NNS,3.487998496691601
ago/RB,5.475723729157964
",/,",1.917121065759887
checklists/NNS,15.300985338055348
for/IN,4.922434405869878
surgeons/NNS,13.62488184070039
were/VBD,2.5402643735311514
all/PDT,9.529190842728532
the/DT,0.5060776481359073
rage/NN,14.252518182763616
./.,1.9195187476172217
</s>,0.00020202054977881372
,
inspired/VBN,9.827432255864549
by/IN,0.15582984085686877
the/DT,0.6557136962735786
preflight/JJ,15.248665539055319
routines/NNS,12.705514875110099
of/IN,2.45619676152743
airline/NN,11.587610733495527
pilots/NNS,10.54130063991891
",/,",1.8829007368833373
surgical/JJ,13.348441303224842
checklists/NNS,13.631936961425325
were/VBD,5.491039143645505
shown/VBN,6.568325914478171
to/TO,2.208162893982235
prevent/VB,5.816949340292975
tragic/JJ,12.29978925035014
errors/NNS,10.48378183403741
",/,",2.537128252634494
reduce/VB,12.10365758497251
infections/NNS,11.588922285964498
and/CC,3.4724028575982433
save/VB,11.899572560425169
lives/NNS,10.522927392427874
./.,2.167462261723367
</s>,7.90984883101799e-05
,
the/DT,1.633307282402956
many/JJ,8.720689434971248
whiskeys/NNS,14.189435640521912
of/IN,4.337523451241196
japan/NNP,7.929045252679772
are/VBP,7.311543508644852
complex/JJ,10.681890268717375
and/CC,2.7721220281776406
often/RB,7.125927749386925
expensive/JJ,10.756192387083201
./.,3.3394306408044203
</s>,0.00020202054977881372
,
learning/VBG,11.090040285321749
about/IN,2.8401525955256774
them/PRP,5.294098349866196
can/MD,7.998059484379536
be/VB,0.9931219897380201
a/DT,4.129015621247232
challenge/NN,7.196182383676286
./.,1.5830406064269458
</s>,5.2334247721487844e-05
,
dublin/NNP,10.211036945636117
has/VBZ,7.179744689214419
long/RB,5.85406010423676
been/VBN,1.1225749815274124
a/DT,3.974252199650332
beer/NN,12.52139234228498
and/CC,4.548653695397571
whiskey/NN,11.387489839444285
town/NN,9.369828928442415
./.,2.3560373033428097
</s>,2.9683553526871264e-05
,
for/IN,5.012210126319132
generations/NNS,10.14834354027513
pubs/NNS,13.382779984975171
poured/VBD,12.084142485533858
the/DT,4.898972215064815
same/JJ,5.942223784862408
pints/NNS,13.760143748110687
of/IN,1.4393730200312715
stout/JJ,13.343197395934055
and/CC,2.594668472557359
familiar/JJ,11.228635645171172
bottles/NNS,12.226107448408367
of/IN,2.025121977478698
whiskey/NN,2.8105556272573504
",/,",2.426619134973884
but/CC,3.701131989878881
in/IN,3.816231310922374
recent/JJ,7.908820266256949
years/NNS,0.6469194790796082
a/DT,5.957173318578673
shift/NN,8.629257004547584
has/VBZ,7.1311145525674045
shaken/VBN,9.21554352351082
the/DT,5.171422372574206
local/JJ,7.2045877402997505
drinking/NN,11.678909613983796
scene/NN,9.689863618708094
./.,2.6051878325547024
</s>,4.315469521479008e-05
,
for/IN,5.012210126319132
airlines/NNS,11.842275723746633
",/,",2.8673601712430044
time/NN,9.42760309101073
on/IN,4.132479630261132
the/DT,0.9270349423635756
ground/NN,4.441221752455239
is/VBZ,5.289836955634591
money/NN,10.447460396263503
./.,2.1431683771827146
</s>,2.640520540289677e-05
,
financially/RB,11.87631944434655
speaking/VBG,10.03316777340655
",/,",2.3548975237217773
planes/NNS,11.606826036355073
only/RB,7.776941316865281
earn/VBP,14.266662962989876
revenue/NN,10.319206636842244
for/IN,4.427704426666817
their/PRP$,4.225506600861694
companies/NNS,9.222095068875918
when/WRB,7.484052723294947
they/PRP,3.31648376854317
are/VBP,2.667053688833266
in/IN,2.0710430076345516
the/DT,1.3047588298076351
air/NN,7.211126160929817
",/,",2.695575580121674
ferrying/VBG,12.687699774245605
paying/VBG,10.657297738890161
passengers/NNS,10.532364997948529
./.,1.8558407568704711
</s>,5.269189214588696e-05
,
traveling/VBG,10.60146557658928
can/MD,7.64172039546964
wreak/VB,14.146468021135588
havoc/NN,12.962957013241864
on/IN,2.128932875103788
your/PRP$,8.153660586433267
fitness/NN,11.291227967046575
./.,3.931238068045129
</s>,0.00032710417912159136
,
if/IN,6.2277602242308125
you/PRP,2.653017590623393
are/VBP,1.2414210229825235
lucky/JJ,12.767432769811766
",/,",3.616517513915573
all/PDT,8.672528565166184
the/DT,0.20235189177369559
sightseeing/NN,12.687594546106855
you/PRP,8.244803581910741
do/VBP,3.521161017976429
on/IN,7.439656810375438
foot/NN,7.761961849542808
will/MD,8.131053115214723
cancel/VB,13.501574724834411
out/RP,7.592511158671736
the/DT,2.32033134656426
nighttime/JJ,13.824783068133762
eating/NN,12.962957013241864
and/CC,2.368883886093642
drinking/VBG,11.751717354624269
./.,3.8041296144491255
</s>,0.00032710417912159136
,
even/RB,6.84039223105256
if/IN,2.922320805086189
you/PRP,4.119587456325458
strive/VBP,14.4550963956261
for/IN,5.179876544001643
a/DT,2.7912507538376885
sustainable/JJ,12.005439206021283
lifestyle/NN,10.862604975604865
at/IN,5.938058868946202
home/NN,4.78259818291384
",/,",2.3416268047968156
it/PRP,4.98159956009287
may/MD,4.518572954001206
be/VB,1.0410851365611482
tempting/JJ,13.61717508839414
to/TO,5.362195692181929
avoid/VB,5.57124370863871
thinking/VBG,10.565157033291893
about/IN,1.8032079214270496
the/DT,1.9696888531744317
impact/NN,7.562483146474001
your/PRP$,10.71668071766295
travels/NNS,12.164010182327956
could/MD,7.4935554919737335
have/VB,2.8998029044277627
on/IN,6.084185754376299
the/DT,1.5161729827059764
environment/NN,9.092790179359707
./.,1.3386765299254126
</s>,1.8596823898396223e-05
,
no/DT,6.738360080411807
one/NN,2.482958787029262
wants/VBZ,11.194213149323458
to/TO,0.9819302288418206
feel/VB,7.830317311647467
guilty/JJ,5.438169487325268
on/IN,5.757915663678793
vacation/NN,9.182738823949444
./.,3.1274178157819006
</s>,0.000287753022908174
,
great/JJ,10.174128118404987
snow/NN,11.043414548998186
conditions/NNS,9.22831273940253
can/MD,8.005963798486766
make/VB,5.591593264915064
a/DT,2.8056488184241806
ski/NN,14.012805949847904
trip/NN,9.973868378472638
magical/JJ,11.334440581486795
./.,3.8242938126254926
</s>,0.00032710417912159136
,
skiers/NNS,15.511235534189181
can/MD,7.034855673530315
weight/VB,14.146468021135588
the/DT,4.898972215064815
odds/NNS,12.011861806621171
in/IN,4.666042707057538
their/PRP$,4.571578923358948
favor/NN,11.906725080499536
by/IN,5.840051867306512
picking/VBG,10.32377312359867
their/PRP$,7.720757549820698
destinations/NNS,11.669977886408073
according/VBG,9.673317472488346
to/IN,0.07493850683382655
the/DT,1.7570371528920097
time/NN,6.930473044026635
of/IN,0.321738580208642
winter/NN,11.507125943896504
./.,2.147441514598293
</s>,4.7446423702409264e-05
,
tent/JJ,15.17836462280559
camping/NN,11.885528633425979
should/MD,8.185473792853601
be/VB,1.0424177116320166
CD/CD,4.574609816116856
of/IN,1.996778628638401
the/DT,0.6100293948911357
cheapest/JJS,15.752805032240902
forms/NNS,9.248638348793916
of/IN,1.0979467155795555
travel/NN,10.719846081390289
",/,",3.306479727089638
subject/JJ,11.790514531890162
to/IN,0.37071405856790485
nominal/JJ,12.89240120082234
campsite/JJ,13.631936961425325
and/CC,3.7639948655027116
park/NN,11.022163530657924
admission/NN,11.70857059411771
fees/NNS,10.980751998277446
./.,1.6744572411168712
</s>,9.501431567622925e-05
,
but/CC,5.857395859260981
",/,",3.0398458995251514
short/RB,13.4144693123175
of/IN,0.5514197162959783
borrowing/NN,14.642898459429825
gear/NN,11.19604048085326
",/,",3.249839357421115
bringing/VBG,8.701855209944593
your/PRP$,9.920142160497807
own/JJ,3.9070616153442193
bedroll/NN,13.872329838494524
and/CC,3.7639948655027116
shelter/NN,10.220227944293311
can/MD,7.993910456300471
be/VB,1.257608104082868
costly/JJ,12.623511300383736
./.,1.8926187972683186
</s>,0.00015826284436953
,
family/NN,9.44410802095731
separations/NNS,13.660961967556553
at/IN,5.542660108069811
the/DT,1.3160445822273306
border/NN,8.882864417465477
are/VBP,7.248268930806394
not/RB,3.70830385166803
the/DT,4.022905362148278
only/JJ,4.437291239701498
crisis/NN,10.944928379400643
immigrant/JJ,12.743568547649465
children/NNS,8.87616850001505
face/VBP,11.920407041122107
./.,3.715449694245627
</s>,0.00032710417912159136
,
children/NNS,9.444811460703221
who/WP,4.854203513618751
were/VBD,2.8942288064346426
taken/VBN,5.528773908149491
from/IN,2.355661521455633
their/PRP$,3.94299391623741
parents/NNS,3.307300138158272
",/,",2.920675377778735
or/CC,5.011761122225999
who/WP,6.54653263734851
crossed/VBD,8.959170475637734
the/DT,0.5724298842355118
border/NN,2.09058969854068
alone/RB,10.463783652246248
",/,",1.4327425881008897
also/RB,6.331665527844715
go/VB,9.612988822017865
to/IN,2.6126809049643236
their/PRP$,4.532085674619442
immigration/NN,11.087719279548011
hearings/NNS,12.127212109439801
alone/RB,9.297399732791233
./.,1.4925655908849496
</s>,2.2590415970759633e-05
,
winning/VBG,10.323908285343629
civil/JJ,10.611926220666751
rights/NNS,2.036129186179694
is/VBZ,6.217974007327078
never/RB,7.945736461760377
easy/JJ,10.524765315849102
./.,2.9134028930210225
</s>,0.00015826284436953
,
the/DT,1.633307282402956
fight/NN,8.182048697527772
can/MD,7.986190579259189
stretch/VB,13.510336291371761
on/RP,8.791047685589792
for/IN,3.793655845636623
decades/NNS,7.891235884418773
and/CC,5.102883854954654
include/VBP,8.31328706774657
setbacks/NNS,12.115891910347115
that/WDT,6.167489368646165
feel/VBP,11.311201971694263
like/IN,2.6874002517489988
utter/JJ,13.193605350197513
defeat/NN,9.637787663469412
./.,3.0273513820350377
</s>,9.501431567622925e-05
,
for/IN,5.012210126319132
the/DT,1.241347340259548
rural/JJ,9.963119220483012
firefighters/NNS,13.42655097630044
of/IN,4.5949658196314696
australia/NNP,7.460096397728927
",/,",1.1686350647970316
no/DT,7.725039437059629
donation/NN,11.919773830221533
is/VBZ,5.652711702072442
too/RB,6.3355241999435545
small/JJ,3.2828641841173822
./.,3.089430457693213
</s>,8.070794693589578e-05
,
they/PRP,4.372578697472465
have/VBP,3.0416497446870028
long/RB,6.751605931417765
been/VBN,1.4819840610900952
known/VBN,6.071699065675501
to/TO,1.9059538964724807
canvass/VB,15.906366043902239
for/IN,4.922434405869878
dollars/NNS,12.205266750731678
and/CC,2.160796968654677
cents/NNS,14.128892389120765
in/IN,4.3935927798066565
town/NN,8.669546487212248
markets/NNS,11.352418244858855
",/,",1.2207404470732013
and/CC,1.0718989980252713
their/PRP$,5.166748355093937
collection/NN,9.455869165095304
tins/NNS,14.185114609336399
are/VBP,6.105397628769978
fondly/RB,13.39723791677408
displayed/VBN,10.576649465749536
in/IN,1.4402704295454152
local/JJ,8.576838194388557
storefronts/NNS,14.03356536627081
./.,3.4580073258553536
</s>,0.00032710417912159136
,
our/PRP$,9.504028883607821
relationship/NN,9.354720746613244
to/IN,4.829254543619141
privacy/NN,10.958582709002098
is/VBZ,5.760824289168264
inseparable/JJ,14.730735172972269
from/IN,5.214273941671843
our/PRP$,8.632294574802263
idea/NN,10.232857853786893
of/IN,2.1276636902005297
trust/NN,12.21471195478314
./.,2.7214683797509016
</s>,0.00020202054977881372
,
if/IN,6.2277602242308125
you/PRP,2.653017590623393
trust/VBP,14.661419302625323
someone/NN,9.921977320816922
",/,",3.699434063631307
you/PRP,6.694830630262792
may/MD,4.563954833857535
be/VB,1.451869563796267
more/RBR,4.011291122939216
willing/JJ,6.691304911968399
to/TO,0.09609441919940617
divulge/VB,11.436049747245963
personal/JJ,9.710429617983188
information/NN,5.113979321742264
to/IN,5.000302998286242
them/PRP,5.5241035748053715
./.,1.1846763462092877
</s>,4.172325865295394e-07
,
businesses/NNS,12.23818450722112
do/VBP,8.969418591111124
themselves/PRP,9.694363100238313
a/DT,6.368808297721293
disservice/NN,14.484036206108886
by/IN,5.250034469717097
shying/VBG,13.966477247001336
away/RB,1.4817811112399988
from/IN,0.9560531328429275
older/JJR,10.810103732899508
workers/NNS,9.761059780041977
./.,2.209379971384839
</s>,3.6478706638343263e-05
,
rather/RB,8.103363378178923
than/IN,0.26664729768728135
worrying/VBG,14.123423749524903
about/IN,2.169620014214012
only/RB,7.728633311872775
the/DT,3.2362016064323296
potential/JJ,9.408405518056401
cost/NN,10.247271806210525
of/IN,1.9032538851924357
a/DT,3.084124380604917
more/RBR,5.820781072146226
experienced/JJ,8.680646789428554
worker/NN,10.983587862077975
",/,",2.7189841206940706
hiring/VBG,13.303860032205346
managers/NNS,10.921891015545238
should/MD,8.290036714770062
also/RB,4.727460710535515
consider/VB,11.902593091550159
the/DT,1.9619022702430065
benefits/NNS,9.851855315428919
of/IN,0.9350010578547016
hiring/VBG,11.99579367706673
them/PRP,7.308474162715891
./.,2.040626963796945
</s>,3.6954948010542128e-06
,
earth/NN,12.505830090675468
is/VBZ,5.8902274990679455
warming/VBG,14.397864261588678
",/,",3.4943124152750995
and/CC,2.395665944085784
we/PRP,7.002685336162059
know/VBP,4.26859211260478
why/WRB,5.707861147893252
./.,3.588761001912076
</s>,0.00015826284436953
,
light/NN,9.756264876844327
is/VBZ,3.6757390814733424
reflected/VBN,8.715583452527534
and/CC,5.125616126285238
absorbed/VBN,10.953946223658846
by/IN,1.7769388793936267
clouds/NNS,11.75144795216839
",/,",1.5043003704236295
air/NN,9.515390529232183
",/,",2.69156079275353
oceans/NNS,13.766923709917007
",/,",2.845057332032264
ice/NN,11.612559703495135
and/CC,3.68178405811798
land/NN,8.6078072731138
./.,2.45177948228503
</s>,1.9788937824714392e-05
,
nobody/NN,10.274889932849934
ever/RB,4.650246743061089
really/RB,7.0842032956923084
tells/VBZ,9.827095387665445
you/PRP,5.78769361513543
how/WRB,9.42638041832635
to/TO,2.230085668497526
breathe/VB,14.76359766741948
./.,3.715449694245627
</s>,0.00032710417912159136
,
you/PRP,6.906904934307295
just/RB,4.432670872453897
know/VBP,11.704335909873183
how/WRB,2.7140301088664933
to/TO,2.166012093631799
do/VB,3.961058617325986
it/PRP,2.72528468428403
./.,1.2196593833720406
</s>,5.364419528864744e-07
,
the/DT,1.633307282402956
immense/JJ,12.004065253496293
wall/NN,9.660732923921097
of/IN,2.6458749716649255
crumbling/VBG,14.01125561930479
",/,",3.4943124152750995
whitewashed/VBD,15.087738787940003
stone/NN,9.057841082301223
might/MD,8.942950375467156
have/VB,1.5740372684548298
belonged/VBN,5.368810558637083
to/IN,0.17682979452892972
an/DT,5.087070621570008
abandoned/VBN,5.360680130673721
castle/NN,11.060870446588172
./.,2.263592195995247
</s>,7.90984883101799e-05
,
turrets/NNS,12.505830090675468
lined/VBD,12.364116339834606
a/DT,5.749090545792876
roof/NN,9.85394514165932
that/WDT,6.580576357948427
was/VBD,2.7820544592347796
no/RB,6.547235156060383
longer/RBR,0.354933360710623
there/RB,9.169899379212401
",/,",1.86246368237345
and/CC,1.9445142298357092
watchtowers/NNS,15.418602535898032
poked/VBD,12.705514875110099
the/DT,4.898972215064815
sky/NN,8.502848076302833
at/IN,5.232164567327389
each/DT,6.033028070072704
corner/NN,11.448026183090155
./.,2.408818540395475
</s>,0.00011873950084285858
,
you/PRP,6.906904934307295
never/RB,6.104193146507834
know/VBP,11.225029796915543
where/WRB,7.753055680661617
you/PRP,4.407300068865251
will/MD,4.079715202079646
find/VB,4.642275653986163
love/NN,9.886096137312798
./.,2.328033263441816
</s>,3.165056562487509e-05
,
even/RB,6.84039223105256
on/IN,5.807088519632228
a/DT,3.091775410351918
crowded/JJ,10.038059154919596
airplane/NN,12.540281368836848
or/CC,5.982531227690798
a/DT,3.740580568467583
cruise/NN,10.091441827198551
ship/NN,2.8536125869452835
./.,2.817002865517734
</s>,3.165056562487509e-05
,
imagine/VB,11.342964751501059
an/DT,7.379083395109572
animal/NN,7.850226383395531
that/WDT,2.997151596989365
looks/VBZ,11.237420237559453
like/IN,2.0407743752945984
a/DT,1.7688506347891684
dinosaur/NN,9.729404530959023
",/,",2.411838611003446
and/CC,2.5821085616506045
you/PRP,7.2701780279662325
probably/RB,8.165611693841434
will/MD,8.075393186278797
not/RB,2.996664600242197
imagine/VB,13.062922133244637
a/DT,2.4986614963294445
bat/NN,9.19708300804476
./.,1.9731857891551616
</s>,9.501431567622925e-05
,
but/CC,5.857395859260981
that/DT,6.553705189913187
may/MD,6.947027019035698
change/VB,8.560031395536285
./.,3.3433745085517006
</s>,0.00020202054977881372
,
</s>,8.153364704248817
,
,
