sent_nr,word_pos,item,word,original word,parameters_pos_0.025_20_nwp_model_1_1000,parameters_pos_0.025_20_nwp_model_1_10000,parameters_pos_0.025_20_nwp_model_1_11711340,parameters_pos_0.025_20_nwp_model_1_3000,parameters_pos_0.025_20_nwp_model_1_30000
1,1,101,RB,RB,3.8273,4.2138,3.0693,3.6606,3.0612
1,2,102,JJ,JJ,3.3054,4.7706,4.2774,3.8732,3.8487
1,3,103,NNS,NNS,1.7436,1.6352,1.5157,1.2166,1.1925
1,4,104,MD,MD,4.9335,3.1452,3.0728,4.0987,3.8184
1,5,105,VB,VB,0.2051,0.035,0.2445,0.0185,0.023
1,6,106,RB,RB,3.6343,3.8881,2.9886,3.1941,3.4806
1,7,107,NNS,NNS,4.5735,5.2279,6.2141,5.4026,5.8559
1,8,108,IN,IN,1.3494,0.8845,0.688,1.2598,0.7341
1,9,109,DT,DT,0.6672,0.5728,1.0903,1.0851,0.9465
1,10,110,NNS,NNS,2.7826,2.2997,2.6356,1.7526,2.6696
1,11,111,.,.,1.6184,2.0367,1.9882,2.051,2.2469
2,1,201,JJ,JJ,3.993,3.9098,3.3057,3.9126,3.847
2,2,202,NN,NN,0.9448,0.7029,1.1343,0.8077,1.211
2,3,203,VBZ,VBZ,2.5281,2.0634,2.1189,2.0889,2.1157
2,4,204,CD,CD,4.3341,4.3231,3.3418,4.3238,2.9237
2,5,205,IN,IN,2.7652,2.635,2.153,2.1124,2.1123
2,6,206,PRP,PRP,3.0848,4.5246,3.9319,5.1112,4.7291
2,7,207,.,.,3.7358,3.6963,3.3729,3.8218,2.8583
3,1,301,NNP,NNP,1.924,1.9819,1.7314,1.0647,1.6792
3,2,302,VBP,VBP,5.4603,5.3138,6.2598,5.5584,5.252
3,3,303,VBN,VBN,2.6133,1.8961,1.6531,2.141,1.6345
3,4,304,VBG,VBG,3.8406,5.1564,4.4494,4.9501,5.2271
3,5,305,IN,IN,2.2009,1.1472,1.1309,1.3963,1.0463
3,6,306,JJ,JJ,3.8365,3.1535,2.5782,3.0952,3.1893
3,7,307,NNS,NNS,1.2423,1.0905,0.9062,0.8737,1.0578
3,8,308,.,.,1.7827,2.9749,1.8996,2.4433,2.5703
4,1,401,PRP,PRP,2.3193,1.9342,2.2211,2.4535,2.3022
4,2,402,VBP,VBP,3.4896,3.1816,2.6522,1.8598,2.3547
4,3,403,VBN,VBN,2.9985,2.1416,1.687,2.3529,1.5424
4,4,404,IN,IN,0.5126,0.5908,0.8177,0.5485,0.5475
4,5,405,NNS,NNS,3.654,3.3444,3.1149,2.5933,3.5607
4,6,406,IN,IN,1.2403,1.0071,1.0288,1.2154,0.9281
4,7,407,JJ,JJ,3.6246,2.8795,1.9953,2.6837,2.5047
4,8,408,NN,NN,0.9616,1.0277,1.1449,0.9408,1.5597
4,9,409,",",",",1.9841,1.5319,1.5496,1.7507,1.4955
4,10,410,NN,NN,2.9086,2.8726,2.9212,3.5734,3.0562
4,11,411,NNS,NNS,3.2609,2.63,2.886,2.4666,2.2602
4,12,412,",",",",1.1771,1.5462,0.3082,1.5157,1.4092
4,13,413,NN,NN,3.2635,2.9295,1.5431,3.5314,3.0381
4,14,414,NNS,NNS,3.3968,2.511,2.1356,2.4447,1.9681
4,15,415,.,.,0.9677,2.5177,4.4538,1.7408,2.4379
5,1,501,JJ,JJ,3.993,3.9098,3.3057,3.9126,3.847
5,2,502,NN,NN,0.9448,0.7029,1.1343,0.8077,1.211
5,3,503,VBZ,VBZ,2.5281,2.0634,2.1189,2.0889,2.1157
5,4,504,DT,DT,1.2313,1.42,1.7439,1.3072,1.6108
5,5,505,JJ,JJ,1.9374,1.2862,1.0163,1.0646,1.1355
5,6,506,NN,NN,0.5142,0.2224,0.2632,0.5495,0.3791
5,7,507,.,.,1.9786,3.2891,3.1798,2.2838,3.6957
6,1,601,PRP,PRP,2.3193,1.9342,2.2211,2.4535,2.3022
6,2,602,VBZ,VBZ,0.7019,1.208,1.7221,2.0485,1.1569
6,3,603,DT,DT,0.8323,1.2993,1.5996,1.3029,1.5512
6,4,604,JJ,JJ,1.7501,1.1808,0.9427,0.9155,1.1124
6,5,605,NN,NN,0.5431,0.2171,0.2918,0.4804,0.3756
6,6,606,",",",",2.7994,2.4533,2.6877,2.2845,2.4364
6,7,607,CC,CC,2.1353,1.6122,1.1447,1.8956,0.9877
6,8,608,JJS,JJS,5.3007,6.695,6.0427,4.5587,6.3732
6,9,609,NNS,NNS,2.9179,1.3725,2.1657,2.3506,2.1672
6,10,610,VBP,VBP,2.7212,2.6508,1.272,2.3691,2.3177
6,11,611,RB,RB,2.2484,2.2347,1.7215,1.968,2.2267
6,12,612,VB,VB,2.1851,2.0726,2.5848,2.6447,2.3594
6,13,613,EX,EX,8.0883,8.3323,7.5111,7.9928,7.3871
6,14,614,VBP,VBP,5.7732,1.199,0.3649,4.4063,0.7031
6,15,615,NNS,NNS,3.4487,3.1716,2.4909,3.677,3.3942
6,16,616,IN,IN,1.7768,1.108,0.6909,1.3675,1.2557
6,17,617,JJ,JJ,3.7215,2.6932,2.1334,2.1603,2.4013
6,18,618,NN,NN,0.7034,0.812,1.1794,0.6463,1.6535
6,19,619,MD,MD,6.6946,5.1394,5.8643,5.5765,5.4343
6,20,620,VB,VB,0.0217,0.0954,0.1256,0.014,0.0372
6,21,621,.,.,2.3589,3.5889,3.9121,2.6545,3.6469
7,1,701,DT,DT,0.8294,0.9906,1.3371,1.3828,1.3407
7,2,702,NN,NN,0.3621,0.6543,0.7459,0.8744,0.7793
7,3,703,NNS,NNS,3.4368,4.3693,4.5171,3.2693,4.2243
7,4,704,VBP,VBP,2.337,1.7549,1.1955,1.6103,1.7931
7,5,705,NNS,NNS,3.4452,2.9085,3.5928,3.3128,3.5622
7,6,706,VBP,VBP,2.2091,2.0498,4.5371,2.5236,3.1262
7,7,707,JJ,JJ,2.5111,2.3188,2.0432,2.4617,2.3588
7,8,708,IN,IN,2.5438,2.6191,1.0736,3.4219,1.9243
7,9,709,PRP,PRP,3.0164,4.4048,4.0771,4.4676,4.3505
7,10,710,",",",",3.1272,3.1902,2.5225,2.7674,2.5689
7,11,711,RB,RB,2.7608,3.3317,2.2163,3.13,3.3214
7,12,712,IN,IN,2.3718,2.0948,1.8976,1.6078,1.6686
7,13,713,PRP,PRP,2.4163,4.0045,2.781,4.3098,3.7859
7,14,714,VBP,VBP,3.2244,1.5981,1.0621,1.3005,1.1648
7,15,715,JJ,JJ,2.2636,2.3516,2.2328,2.9216,2.3857
7,16,716,IN,IN,2.7356,2.5518,1.4641,3.1573,2.0306
7,17,717,NN,NN,3.1971,2.2876,2.0754,2.2188,2.4876
7,18,718,.,.,1.3625,1.7845,1.1908,1.173,1.688
8,1,801,NNS,NNS,3.7716,4.7896,3.6664,4.0274,3.9084
8,2,802,VBP,VBP,2.4984,1.5867,1.6511,1.4495,1.4338
8,3,803,JJ,JJ,2.8269,2.5307,2.2827,2.4145,2.4942
8,4,804,PRP,PRP,5.0279,6.6149,6.3991,7.5368,6.4495
8,5,805,VBP,VBP,2.528,1.3049,1.8975,0.7629,0.8925
8,6,806,JJ,JJ,2.5718,2.3683,2.1596,2.243,2.4499
8,7,807,.,.,3.6717,3.6851,2.6986,4.228,3.8373
9,1,901,NNS,NNS,3.7716,4.7896,3.6664,4.0274,3.9084
9,2,902,RB,RB,3.3495,3.9058,2.9713,3.578,3.5166
9,3,903,VBP,VBP,4.509,1.8046,0.8706,1.9565,1.1399
9,4,904,IN,IN,2.438,1.8498,1.5155,2.3124,1.8739
9,5,905,VBG,VBG,3.056,4.0493,3.7648,3.782,3.6742
9,6,906,DT,DT,1.1127,1.1604,1.3766,1.8848,1.6757
9,7,907,NN,NN,0.3754,0.5178,0.6403,0.9777,0.7009
9,8,908,IN,IN,1.3935,1.3581,0.8381,1.5954,1.0717
9,9,909,NN,NN,2.5633,2.0678,1.9229,2.2609,2.403
9,10,910,VBZ,VBZ,4.0155,3.5605,4.7267,3.5625,3.4881
9,11,911,JJ,JJ,2.4826,2.708,2.2148,2.402,2.669
9,12,912,IN,IN,2.8484,2.1771,1.6043,2.9644,1.3776
9,13,913,NNS,NNS,4.5099,2.7886,2.7265,2.4675,3.3048
9,14,914,.,.,0.9878,2.3825,1.1602,1.3259,1.6475
10,1,1001,RB,RB,3.8273,4.2138,3.0693,3.6606,3.0612
10,2,1002,DT,DT,3.3186,3.1456,3.099,3.3914,2.5331
10,3,1003,JJ,JJ,2.0031,1.7735,1.5744,1.7532,1.4558
10,4,1004,NN,NN,0.6499,0.2254,0.307,0.7385,0.4226
10,5,1005,VBZ,VBZ,3.3763,2.1606,2.3959,2.6512,2.5463
10,6,1006,PRP,PRP,3.2876,4.3938,4.742,4.3162,4.7281
10,7,1007,MD,MD,3.6914,2.9743,3.9845,2.9874,2.7841
10,8,1008,RB,RB,4.2919,2.704,1.8069,4.7964,3.387
10,9,1009,VB,VB,0.7702,0.31,0.0531,0.3866,0.0439
10,10,1010,RB,RB,3.0481,3.6333,2.6001,3.1164,3.171
10,11,1011,JJ,JJ,3.1045,2.1245,1.766,2.5098,2.3926
10,12,1012,IN,IN,2.3672,2.2625,1.1382,3.0372,1.5192
10,13,1013,NNS,NNS,3.9824,3.1202,3.2338,2.3981,3.3926
10,14,1014,",",",",1.4757,2.1727,1.9536,1.7856,1.9775
10,15,1015,RB,RB,2.7334,3.7434,2.5832,3.3615,3.2
10,16,1016,.,.,2.6658,3.1693,4.7727,2.8405,2.6282
11,1,1101,NNS,NNS,3.7716,4.7896,3.6664,4.0274,3.9084
11,2,1102,CC,CC,3.6567,3.0576,3.4699,3.702,2.9085
11,3,1103,NN,NN,2.0122,1.5201,1.9294,2.6639,1.9695
11,4,1104,NN,NN,2.1673,2.4074,1.8678,2.4867,2.5131
11,5,1105,NNS,NNS,2.8589,2.3603,1.4517,2.4793,1.4955
11,6,1106,RB,RB,3.7353,4.3579,3.6719,3.8124,4.0928
11,7,1107,VBP,VBP,4.3986,1.7382,0.7163,1.7347,1.5875
11,8,1108,IN,IN,2.1451,1.9181,1.5474,2.2332,1.9761
11,9,1109,WRB,WRB,7.1185,7.0896,6.2088,6.0369,6.6689
11,10,1110,NNS,NNS,3.2404,2.613,2.5796,2.9212,3.0336
11,11,1111,VBP,VBP,4.5552,2.0932,0.8593,2.6205,1.5869
11,12,1112,VBN,VBN,1.5791,1.5433,1.1096,1.5284,1.2638
11,13,1113,.,.,1.978,3.626,2.1283,2.4367,3.0267
12,1,1201,CC,CC,5.6386,5.551,5.066,5.6831,4.7274
12,2,1202,JJ,JJ,2.4223,2.6257,3.4864,2.6456,2.4987
12,3,1203,NNS,NNS,1.3383,1.1179,1.4263,0.9046,0.7085
12,4,1204,MD,MD,4.9845,3.4474,3.6464,4.3292,3.6961
12,5,1205,VB,VB,0.2329,0.0416,0.224,0.0258,0.0447
12,6,1206,VBN,VBN,2.9777,1.4241,0.7853,2.5248,1.0231
12,7,1207,",",",",3.4487,4.0035,3.5252,3.3585,3.6231
12,8,1208,RB,RB,2.989,3.4751,2.56,3.1983,2.7021
12,9,1209,IN,IN,2.2703,2.5768,1.3717,3.1534,1.3148
12,10,1210,NNS,NNS,3.7154,2.5735,2.6694,2.3281,2.8233
12,11,1211,",",",",1.0765,1.7518,1.6876,1.3977,1.6545
12,12,1212,IN,IN,2.2422,2.8205,2.0493,2.6064,2.1423
12,13,1213,PRP,PRP,2.9606,3.9732,3.0366,4.5258,4.1126
12,14,1214,VBD,VBD,1.3691,1.3805,1.1801,0.7702,1.4613
12,15,1215,RBR,RBR,6.6044,5.7473,5.3925,6.3069,5.7705
12,16,1216,IN,IN,2.1596,2.1368,2.8499,2.4217,1.6144
12,17,1217,WRB,WRB,7.3258,6.798,5.7912,5.5254,6.7987
12,18,1218,PRP,PRP,1.5208,1.2389,0.7427,1.5436,0.8759
12,19,1219,VBP,VBP,3.4803,3.1144,2.8768,1.743,2.5129
12,20,1220,VBN,VBN,2.2405,2.0007,1.8415,1.8256,1.4302
12,21,1221,.,.,1.9929,2.4037,1.7861,2.2069,2.0938
13,1,1301,IN,IN,2.4698,1.5539,1.5848,1.9561,1.5925
13,2,1302,JJ,JJ,3.8754,3.6698,3.1516,3.285,3.5016
13,3,1303,",",",",2.3784,1.8929,2.0084,3.0712,2.9934
13,4,1304,DT,DT,1.0706,0.685,1.2484,1.4049,1.0436
13,5,1305,NN,NN,0.5507,0.5576,0.6154,1.1104,0.8126
13,6,1306,VBZ,VBZ,4.0278,2.1146,1.5308,2.7007,2.0226
13,7,1307,PRP$,PRP$,4.0518,4.9515,4.9476,4.0218,4.9618
13,8,1308,NN,NN,0.264,0.397,0.6282,0.8688,0.6799
13,9,1309,.,.,1.5647,3.0189,2.9555,1.6743,3.4313
14,1,1401,CC,CC,5.6386,5.551,5.066,5.6831,4.7274
14,2,1402,DT,DT,1.4567,0.9636,1.6922,1.6169,1.4785
14,3,1403,NN,NN,0.5733,0.6386,0.9078,1.0232,0.7915
14,4,1404,IN,IN,1.3122,1.3418,1.1115,1.4104,1.1032
14,5,1405,JJ,JJ,3.6516,3.5933,2.6075,2.7397,3.0777
14,6,1406,NN,NN,0.5394,0.3439,0.8317,0.6927,0.9096
14,7,1407,CC,CC,3.6225,3.8156,2.6484,3.1534,2.9499
14,8,1408,JJ,JJ,2.4012,2.0735,1.5708,1.6681,1.0864
14,9,1409,NN,NN,0.5655,0.3904,0.6967,0.8013,0.9662
14,10,1410,VBP,VBP,6.0204,3.7359,3.1672,4.1622,4.3914
14,11,1411,IN,IN,2.1523,2.2274,2.1843,2.5447,2.0611
14,12,1412,JJ,JJ,3.4768,2.7529,2.2211,2.2264,2.6281
14,13,1413,NNS,NNS,1.8377,1.5937,0.9702,1.0351,1.0101
14,14,1414,MD,MD,6.1053,4.6016,5.6891,4.7849,5.2287
14,15,1415,VB,VB,0.0434,0.1596,0.1563,0.0183,0.0384
14,16,1416,IN,IN,2.2998,2.0961,2.0457,1.9737,1.7777
14,17,1417,JJ,JJ,3.4322,2.6444,2.0047,2.0944,2.0095
14,18,1418,NN,NN,0.7855,0.7268,1.0865,0.9449,1.334
14,19,1419,NNS,NNS,3.3058,2.4224,2.2303,2.5582,2.1176
14,20,1420,IN,IN,1.7419,1.17,1.9173,1.5041,1.3599
14,21,1421,JJ,JJ,3.3937,2.5648,1.8329,2.0272,1.9505
14,22,1422,NNS,NNS,1.5432,1.2557,0.8073,0.861,0.978
14,23,1423,.,.,0.7669,1.4034,0.5987,0.8644,1.1317
15,1,1501,WRB,WRB,6.2854,6.0969,4.7902,4.8075,4.7362
15,2,1502,JJ,JJ,3.2855,3.5845,3.5904,3.1206,3.1617
15,3,1503,NN,NN,0.964,0.7473,1.6384,0.8362,1.2275
15,4,1504,NN,NN,2.3577,2.5192,2.7217,2.4325,2.6825
15,5,1505,NNS,NNS,2.9835,2.8059,2.4796,2.4422,2.0214
15,6,1506,VBP,VBP,2.5374,1.0775,0.4873,1.5869,1.0156
15,7,1507,IN,IN,1.9892,1.981,2.2057,2.3025,1.9463
15,8,1508,NN,NN,2.878,2.2547,1.9524,2.4067,2.2976
15,9,1509,",",",",1.893,1.7373,0.8554,1.5923,1.7465
15,10,1510,EX,EX,8.0278,7.055,4.255,6.8329,5.5911
15,11,1511,VBZ,VBZ,4.1362,1.3772,0.9402,2.1123,1.6258
15,12,1512,JJ,JJ,2.9936,2.7586,2.0722,2.7605,2.6512
15,13,1513,NNS,NNS,1.4251,1.128,1.2663,1.307,1.3259
15,14,1514,TO,TO,5.4538,4.0055,2.8778,4.01,4.0943
15,15,1515,VB,VB,0.0034,0.0494,0.0077,0.0064,0.0084
15,16,1516,IN,IN,2.8543,2.3328,1.9406,2.5195,1.8306
15,17,1517,PRP,PRP,2.7811,4.0413,3.1792,4.145,3.1952
15,18,1518,VBP,VBP,3.6487,2.0045,1.9758,1.4472,2.026
15,19,1519,JJ,JJ,2.6456,2.3584,2.6468,2.4292,2.3577
15,20,1520,CC,CC,3.6625,3.3553,2.4482,4.5469,2.4722
15,21,1521,JJ,JJ,2.6708,2.1161,0.9349,1.7392,1.5916
15,22,1522,IN,IN,2.7458,2.7895,2.341,3.4984,2.6074
15,23,1523,NNS,NNS,3.8506,2.5308,2.6879,1.9111,2.6107
15,24,1524,.,.,0.7739,1.2324,0.6787,0.8298,1.0196
16,1,1601,DT,DT,0.8294,0.9906,1.3371,1.3828,1.3407
16,2,1602,JJ,JJ,1.9708,1.5923,1.5502,1.4596,1.3536
16,3,1603,NNS,NNS,1.9505,2.2709,2.5001,1.7139,2.2776
16,4,1604,VBP,VBP,1.433,1.9258,1.42,1.3593,1.2336
16,5,1605,VBN,VBN,1.3331,1.4172,1.1908,1.1767,1.0999
16,6,1606,RB,RB,3.7127,3.8066,2.7955,4.07,3.6227
16,7,1607,IN,IN,2.2625,2.0122,1.0067,1.5576,1.0773
16,8,1608,NNS,NNS,4.3959,2.4494,2.5018,2.4696,2.9873
16,9,1609,.,.,1.2515,2.4683,1.421,1.7617,2.7567
17,1,1701,DT,DT,0.8294,0.9906,1.3371,1.3828,1.3407
17,2,1702,JJ,JJ,1.9708,1.5923,1.5502,1.4596,1.3536
17,3,1703,NN,NN,0.4523,0.2944,0.3674,0.5503,0.4244
17,4,1704,VBZ,VBZ,2.7067,2.1465,1.9377,2.0657,1.7657
17,5,1705,IN,IN,2.2951,1.8852,1.8917,1.965,1.669
17,6,1706,JJ,JJ,3.5603,2.9208,2.5208,1.995,2.9158
17,7,1707,NN,NN,0.6655,0.4501,0.9348,0.6066,1.3049
17,8,1708,MD,MD,6.6125,4.9758,5.5754,5.6586,5.6594
17,9,1709,RB,RB,4.2768,2.5705,2.0711,4.9506,3.9521
17,10,1710,VB,VB,0.6963,0.357,0.0347,0.2513,0.0333
17,11,1711,RB,RB,3.2525,3.6298,2.955,3.3469,3.4105
17,12,1712,JJ,JJ,2.5644,2.0181,1.6687,2.5548,2.1028
17,13,1713,IN,IN,2.4769,2.2316,1.121,3.0224,1.5229
17,14,1714,PRP,PRP,2.773,3.9712,3.009,4.3687,3.5888
17,15,1715,.,.,2.9439,2.6511,1.5276,2.3584,2.219
18,1,1801,CC,CC,5.6386,5.551,5.066,5.6831,4.7274
18,2,1802,PRP,PRP,2.9863,2.7673,1.6941,3.4048,2.1381
18,3,1803,VBZ,VBZ,0.8164,1.5985,1.9143,1.8867,2.0351
18,4,1804,JJ,JJ,3.2127,3.1366,2.773,2.4606,3.029
18,5,1805,IN,IN,3.0228,1.6813,0.9464,3.047,1.2468
18,6,1806,DT,DT,0.4123,0.5047,0.9384,1.0951,0.7365
18,7,1807,NN,NN,0.5582,0.5013,0.6808,1.0129,0.7434
18,8,1808,",",",",2.1352,1.9448,2.2464,2.0423,2.0514
18,9,1809,IN,IN,1.9208,2.6082,1.836,2.5201,2.0219
18,10,1810,NN,NN,2.8135,2.3093,2.5859,2.1685,2.5484
18,11,1811,CC,CC,3.0213,2.725,1.9763,2.6258,2.347
18,12,1812,NN,NN,2.416,2.0389,0.6883,2.4504,2.2247
18,13,1813,RBR,RBR,6.5539,7.2456,8.7499,7.3144,7.0301
18,14,1814,JJ,JJ,2.0428,0.795,0.8916,1.3733,1.0276
18,15,1815,IN,IN,2.8287,3.6459,1.1503,3.4165,1.87
18,16,1816,NN,NN,2.7838,2.2677,2.0821,1.9322,2.5859
18,17,1817,.,.,1.5547,2.0731,1.01,1.3399,1.6018
19,1,1901,DT,DT,0.8294,0.9906,1.3371,1.3828,1.3407
19,2,1902,NN,NN,0.3621,0.6543,0.7459,0.8744,0.7793
19,3,1903,IN,IN,1.3797,1.257,1.7318,1.5084,1.2372
19,4,1904,DT,DT,0.5801,0.4501,0.768,1.0729,0.6038
19,5,1905,NN,NN,0.6685,0.5692,0.6377,1.1815,0.7012
19,6,1906,NNS,NNS,3.3202,4.342,4.3171,3.1739,3.7318
19,7,1907,RB,RB,4.4117,4.7724,3.5156,4.5802,4.3143
19,8,1908,.,.,2.7792,4.9964,5.9854,3.3827,4.84
20,1,2001,DT,DT,0.8294,0.9906,1.3371,1.3828,1.3407
20,2,2002,VBZ,VBZ,6.7247,5.199,4.1932,6.0094,4.5577
20,3,2003,DT,DT,1.2587,1.1965,1.5182,1.275,1.6704
20,4,2004,NN,NN,0.4014,0.6133,0.814,0.8483,0.7179
20,5,2005,VBZ,VBZ,2.9384,2.5525,4.9698,4.3218,3.9287
20,6,2006,TO,TO,4.9369,3.8819,3.6026,3.3393,4.0151
20,7,2007,VB,VB,0.0125,0.0151,0.0164,0.0232,0.0036
20,8,2008,JJ,JJ,2.4233,3.0219,2.7085,1.9751,2.901
20,9,2009,RB,RB,5.2628,6.2312,4.9192,6.0692,5.9992
20,10,2010,IN,IN,1.9416,1.9077,1.3917,1.8687,1.7549
20,11,2011,NNS,NNS,4.3052,3.0323,3.2011,2.6616,3.4099
20,12,2012,TO,TO,5.4699,4.0138,4.0437,3.8508,4.2965
20,13,2013,VB,VB,0.0023,0.022,0.0128,0.0034,0.0085
20,14,2014,RP,RP,5.0284,5.2809,3.7816,3.6417,3.8489
20,15,2015,IN,IN,2.2366,1.5608,1.4583,1.4914,1.2627
20,16,2016,RB,RB,4.9843,5.839,4.7898,5.0846,4.7684
20,17,2017,VBG,VBG,3.5432,3.1114,2.9681,3.5481,3.4694
20,18,2018,JJ,JJ,2.2076,3.0899,2.6377,2.3946,3.0741
20,19,2019,IN,IN,2.7467,2.7384,2.8346,3.4696,1.9109
20,20,2020,DT,DT,0.5019,0.5013,0.9558,1.1714,0.7342
20,21,2021,NN,NN,0.4445,0.5159,0.5754,1.0398,0.6255
20,22,2022,.,.,0.7739,1.536,0.8486,0.9144,1.1543
21,1,2101,NNS,NNS,3.7716,4.7896,3.6664,4.0274,3.9084
21,2,2102,CC,CC,3.6567,3.0576,3.4699,3.702,2.9085
21,3,2103,NN,NN,2.0122,1.5201,1.9294,2.6639,1.9695
21,4,2104,NNS,NNS,2.7818,2.3677,1.3692,2.4436,1.4794
21,5,2105,VBP,VBP,2.4209,0.7917,0.863,1.099,1.2445
21,6,2106,IN,IN,2.1599,1.9198,2.1846,2.1611,1.9624
21,7,2107,DT,DT,0.5785,0.5681,0.9578,1.0881,0.8756
21,8,2108,NN,NN,0.5524,0.6077,0.7298,0.9669,0.7582
21,9,2109,IN,IN,1.4058,1.3915,0.8855,1.2472,1.1859
21,10,2110,NN,NN,2.732,2.066,1.9897,2.2895,2.3283
21,11,2111,.,.,1.7897,2.881,1.8252,2.1057,2.5219
22,1,2201,DT,DT,0.8294,0.9906,1.3371,1.3828,1.3407
22,2,2202,NN,NN,0.3621,0.6543,0.7459,0.8744,0.7793
22,3,2203,NN,NN,2.4465,2.5839,2.8334,2.3977,3.1066
22,4,2204,VBZ,VBZ,1.9329,2.0157,1.7468,2.1051,1.6313
22,5,2205,VBG,VBG,3.4559,4.7629,4.9228,3.725,4.3749
22,6,2206,RB,RB,3.4975,4.2243,2.9043,2.7907,3.2827
22,7,2207,",",",",2.7931,3.8356,2.6313,3.3979,3.0551
22,8,2208,VBG,VBG,1.9372,2.4383,1.8736,2.237,2.722
22,9,2209,RB,RB,3.3326,4.2576,3.4951,3.1386,3.2318
22,10,2210,JJR,JJR,6.7385,4.8189,4.9517,5.7798,5.3807
22,11,2211,NN,NN,2.0674,1.2431,2.2874,1.396,2.0912
22,12,2212,",",",",2.34,2.2639,1.7221,2.3053,1.9445
22,13,2213,CC,CC,2.3314,1.7284,0.8031,2.1458,1.0459
22,14,2214,DT,DT,1.919,1.3906,1.9684,1.7712,1.8833
22,15,2215,NN,NN,0.604,0.5686,0.6576,0.8404,0.695
22,16,2216,IN,IN,1.0382,0.987,1.3928,0.9531,1.0559
22,17,2217,JJ,JJ,3.5091,2.9028,1.947,2.0486,2.834
22,18,2218,NN,NN,0.5944,0.3984,0.7083,0.5761,0.7593
22,19,2219,VBZ,VBZ,4.6701,3.1553,3.0208,5.0727,3.565
22,20,2220,JJ,JJ,2.4558,2.7342,2.3897,2.0737,2.6871
22,21,2221,.,.,3.1309,3.6111,1.0495,4.5323,3.0135
23,1,2301,CD,CD,3.7372,4.6541,3.8793,4.1674,3.2139
23,2,2302,NN,NN,2.5311,2.2934,1.8923,2.7334,1.935
23,3,2303,IN,IN,1.38,1.5327,1.7739,1.7176,1.264
23,4,2304,NN,NN,2.9302,2.9945,2.6517,3.2429,3.1479
23,5,2305,VBZ,VBZ,3.8181,3.1193,2.9067,3.0806,3.6239
23,6,2306,IN,IN,2.1666,2.0257,1.9605,1.8439,1.8679
23,7,2307,PRP,PRP,2.9918,4.4242,3.7292,4.6425,4.5875
23,8,2308,VBP,VBP,3.969,2.383,2.447,1.6814,2.407
23,9,2309,TO,TO,4.3033,3.9503,3.2266,3.2281,3.7889
23,10,2310,VB,VB,0.0043,0.0184,0.0106,0.0142,0.0517
23,11,2311,DT,DT,0.8495,0.7225,1.5734,1.4696,1.4735
23,12,2312,NNS,NNS,3.0776,3.0907,3.3113,2.263,2.7269
23,13,2313,PRP,PRP,5.9383,4.8292,4.5156,6.5708,5.8207
23,14,2314,VBD,VBD,1.2702,1.699,2.0696,1.9962,2.886
23,15,2315,.,.,4.6743,4.6565,3.3944,3.0575,4.1657
24,1,2401,NN,NN,2.8842,3.6947,3.3387,3.8093,3.6135
24,2,2402,VBZ,VBZ,1.8936,1.8125,2.241,1.7882,2.0027
24,3,2403,VBN,VBN,2.3466,1.2994,1.399,2.117,1.4286
24,4,2404,IN,IN,0.6968,0.3763,0.5637,0.4699,0.4793
24,5,2405,DT,DT,0.6377,0.4975,0.797,1.0759,0.7493
24,6,2406,NN,NN,0.5821,0.5298,0.7467,0.9492,0.7477
24,7,2407,.,.,1.9555,3.0762,3.5638,2.3182,3.1349
25,1,2501,DT,DT,0.8294,0.9906,1.3371,1.3828,1.3407
25,2,2502,JJ,JJ,1.9708,1.5923,1.5502,1.4596,1.3536
25,3,2503,NN,NN,0.4523,0.2944,0.3674,0.5503,0.4244
25,4,2504,IN,IN,1.1149,1.2908,1.2858,1.4788,1.2662
25,5,2505,NNS,NNS,4.4318,3.6209,3.0621,3.1288,4.1112
25,6,2506,VBP,VBP,3.6576,1.808,2.313,1.8885,1.8523
25,7,2507,IN,IN,2.1479,1.9215,2.2943,2.5946,2.0434
25,8,2508,NNS,NNS,4.349,2.6776,2.7544,2.0896,2.96
25,9,2509,WDT,WDT,5.0472,3.9873,3.2149,4.1933,3.3441
25,10,2510,NN,NN,3.0433,4.2535,5.0029,4.1073,5.1071
25,11,2511,IN,IN,1.1695,1.3488,2.1504,1.2644,1.3876
25,12,2512,DT,DT,0.5521,0.5947,0.9736,1.1502,0.7943
25,13,2513,NN,NN,0.5066,0.6668,0.6231,0.9193,0.7933
25,14,2514,.,.,1.203,2.4305,3.1615,1.5538,2.3471
26,1,2601,CC,CC,5.6386,5.551,5.066,5.6831,4.7274
26,2,2602,RB,RB,3.5449,3.676,2.5797,3.4745,2.7625
26,3,2603,DT,DT,2.8112,2.22,2.3007,2.5406,2.3418
26,4,2604,VBP,VBP,6.4596,7.0665,5.0893,6.8048,5.5485
26,5,2605,VBN,VBN,2.0325,1.5665,2.0898,1.808,1.7164
26,6,2606,IN,IN,0.5602,0.5599,0.8348,0.6306,0.4873
26,7,2607,NNS,NNS,4.2955,3.0333,2.8673,2.8071,3.549
26,8,2608,WDT,WDT,5.1562,4.075,3.3763,4.1454,3.9208
26,9,2609,VBP,VBP,3.5472,0.5531,0.1933,1.2605,0.2473
26,10,2610,DT,DT,2.2345,1.5313,2.1173,1.7526,1.9062
26,11,2611,JJ,JJ,1.5696,1.437,1.2077,1.2353,1.2174
26,12,2612,NN,NN,0.7116,0.5689,0.4128,0.6408,1.0092
26,13,2613,.,.,1.5086,2.3039,1.9195,1.58,2.0465
27,1,2701,NNP,NNP,1.924,1.9819,1.7314,1.0647,1.6792
27,2,2702,VBZ,VBZ,2.9554,2.1684,2.4743,2.5833,1.9944
27,3,2703,VBN,VBN,2.8475,1.5542,1.6782,2.7122,1.8321
27,4,2704,PRP,PRP,4.2037,5.2791,5.0422,5.0414,5.1195
27,5,2705,IN,IN,2.6286,1.8406,1.1056,2.2596,1.555
27,6,2706,DT,DT,0.6466,0.5352,0.8262,0.9257,0.9016
27,7,2707,NN,NN,0.4835,0.525,0.8826,1.0136,0.7308
27,8,2708,IN,IN,1.3215,1.0977,0.9419,1.3574,0.9794
27,9,2709,DT,DT,0.6769,0.5778,1.0307,1.1186,0.8336
27,10,2710,NN,NN,0.5901,0.5368,0.7731,0.9553,0.7211
27,11,2711,IN,IN,1.3108,1.1526,1.2256,1.3818,1.0503
27,12,2712,NN,NN,2.5255,2.3272,2.3774,2.6883,2.631
27,13,2713,NN,NN,2.5396,2.0551,2.4508,2.2318,2.5774
27,14,2714,.,.,1.4362,2.3497,1.3994,1.3165,2.2154
28,1,2801,PRP,PRP,2.3193,1.9342,2.2211,2.4535,2.3022
28,2,2802,VBZ,VBZ,0.7019,1.208,1.7221,2.0485,1.1569
28,3,2803,DT,DT,0.8323,1.2993,1.5996,1.3029,1.5512
28,4,2804,NN,NN,0.4004,0.6135,0.8644,0.9521,0.774
28,5,2805,IN,IN,1.0858,0.7728,0.5632,1.0664,0.533
28,6,2806,RB,RB,4.5367,5.3916,4.9284,4.558,4.6077
28,7,2807,IN,IN,2.0793,2.1486,2.3528,1.9755,1.6232
28,8,2808,JJ,JJ,3.9208,3.0156,2.5895,2.2383,2.8597
28,9,2809,NN,NN,0.5602,0.3873,0.9886,0.6041,0.8292
28,10,2810,.,.,1.6772,2.429,1.6356,1.4774,2.1913
29,1,2901,NN,NN,2.8842,3.6947,3.3387,3.8093,3.6135
29,2,2902,NN,NN,2.4196,2.3226,2.068,2.4847,2.3291
29,3,2903,MD,MD,5.725,4.3003,4.5508,4.7654,4.7889
29,4,2904,RB,RB,3.2928,2.8616,1.9131,3.1289,3.8625
29,5,2905,VB,VB,1.5007,0.1123,0.0383,0.3816,0.0201
29,6,2906,DT,DT,1.2295,0.8936,1.9258,1.5116,1.734
29,7,2907,NN,NN,0.6011,0.4218,0.6017,0.945,0.7284
29,8,2908,DT,DT,5.5322,5.3767,4.9819,5.1748,5.6929
29,9,2909,NN,NN,0.5841,0.4217,0.6143,0.9394,0.6835
29,10,2910,VBZ,VBZ,3.354,2.9549,5.3617,3.1063,3.6928
29,11,2911,NNS,NNS,3.6272,4.4392,4.6121,4.1378,4.8625
29,12,2912,.,.,1.5569,3.0453,2.6321,1.4483,2.501
30,1,3001,NNS,NNS,3.7716,4.7896,3.6664,4.0274,3.9084
30,2,3002,WP,WP,5.5142,5.8078,5.2633,5.8055,6.0167
30,3,3003,VBP,VBP,3.843,1.0363,1.239,2.5054,0.7642
30,4,3004,NN,NN,2.8172,3.537,3.2744,3.3256,3.6991
30,5,3005,NNS,NNS,2.7505,2.2638,1.8765,2.3287,2.4097
30,6,3006,",",",",1.6721,2.3834,2.4659,2.1251,1.9466
30,7,3007,DT,DT,2.3039,2.1185,3.5972,2.0287,3.0422
30,8,3008,RB,RB,5.4268,5.5245,4.2773,5.4886,5.1128
30,9,3009,JJ,JJ,2.333,1.96,1.8633,2.3914,2.3428
30,10,3010,NN,NN,0.7984,0.7295,0.5421,0.7615,0.9978
30,11,3011,",",",",2.0033,2.0165,2.0028,1.7001,1.5587
30,12,3012,VBP,VBP,5.7741,5.0776,1.3739,4.8761,3.997
30,13,3013,RB,RB,2.5796,1.951,1.817,2.0568,2.3942
30,14,3014,VBG,VBG,3.3986,3.6389,4.0554,3.9566,3.8372
30,15,3015,DT,DT,2.0412,1.1474,1.778,1.953,2.108
30,16,3016,NNS,NNS,2.7037,2.3761,2.8085,1.8359,2.592
30,17,3017,.,.,0.9052,1.8384,1.5802,0.9823,2.0399
31,1,3101,DT,DT,0.8294,0.9906,1.3371,1.3828,1.3407
31,2,3102,JJ,JJ,1.9708,1.5923,1.5502,1.4596,1.3536
31,3,3103,NNS,NNS,1.9505,2.2709,2.5001,1.7139,2.2776
31,4,3104,IN,IN,1.9648,1.5407,1.5064,1.4673,1.3921
31,5,3105,NNP,NNP,2.0553,1.951,1.5133,0.9952,1.7009
31,6,3106,VBP,VBP,5.8597,4.0538,2.0874,4.4384,3.7598
31,7,3107,JJ,JJ,2.6248,2.417,2.3133,2.3216,2.4667
31,8,3108,CC,CC,4.662,3.6147,2.3844,5.372,2.3242
31,9,3109,RB,RB,3.5669,4.5766,2.6856,4.2024,3.2544
31,10,3110,JJ,JJ,2.4688,1.8425,0.9313,2.277,1.8104
31,11,3111,.,.,3.198,3.7419,1.2976,4.7243,3.2088
32,1,3201,VBG,VBG,3.6666,4.3524,3.9696,3.8951,3.7093
32,2,3202,IN,IN,2.7069,1.0023,0.7159,1.4464,0.8168
32,3,3203,PRP,PRP,3.2392,3.7541,4.5701,4.7721,4.8878
32,4,3204,MD,MD,3.467,2.2879,2.4266,3.5362,2.3907
32,5,3205,VB,VB,0.4647,0.1355,0.1646,0.1607,0.0526
32,6,3206,DT,DT,0.7494,0.8175,1.7992,1.1424,1.4983
32,7,3207,NN,NN,0.2985,0.3778,0.5921,1.0581,0.6579
32,8,3208,.,.,2.1774,2.9019,3.7063,2.1932,3.588
33,1,3301,JJ,JJ,3.993,3.9098,3.3057,3.9126,3.847
33,2,3302,NN,NN,0.9448,0.7029,1.1343,0.8077,1.211
33,3,3303,NNS,NNS,2.9655,2.9097,1.7519,2.542,2.1129
33,4,3304,MD,MD,5.1365,3.1765,3.507,4.1522,3.3148
33,5,3305,VB,VB,0.2679,0.0772,0.2022,0.0202,0.0379
33,6,3306,DT,DT,1.208,1.3121,2.1389,1.508,1.9556
33,7,3307,NN,NN,0.5055,0.6039,0.6353,0.9066,0.6993
33,8,3308,NN,NN,2.5513,1.8867,2.5205,2.4773,2.7168
33,9,3309,JJ,JJ,4.7923,4.5886,4.729,5.3697,5.0397
33,10,3310,.,.,3.2696,4.5805,3.0595,4.6716,5.5245
34,1,3401,NNS,NNS,3.7716,4.7896,3.6664,4.0274,3.9084
34,2,3402,MD,MD,5.2023,4.0219,3.361,4.8425,3.7001
34,3,3403,VB,VB,0.6985,0.0424,0.2179,0.0806,0.0511
34,4,3404,DT,DT,1.0241,1.0761,2.0056,1.1747,1.7846
34,5,3405,NNS,NNS,3.0364,2.2853,2.8747,2.0632,2.8956
34,6,3406,IN,IN,1.5919,0.7986,0.5613,0.964,0.6513
34,7,3407,PRP$,PRP$,3.231,3.554,3.0296,3.0613,3.2208
34,8,3408,NN,NN,0.4004,0.5179,0.7162,0.9316,0.6005
34,9,3409,IN,IN,1.403,1.2959,1.3205,1.2926,1.2138
34,10,3410,VBG,VBG,2.8535,3.7506,3.1977,3.7082,3.5382
34,11,3411,PRP$,PRP$,3.7748,3.4972,3.2407,3.6216,3.7157
34,12,3412,NNS,NNS,3.1708,1.8211,1.7433,1.8119,2.1027
34,13,3413,VBG,VBG,4.8351,4.1753,4.7937,4.6865,3.8947
34,14,3414,IN,IN,2.5328,1.805,1.4392,2.2921,1.7154
34,15,3415,DT,DT,0.8638,0.6091,0.9564,1.1777,0.9629
34,16,3416,NN,NN,0.3947,0.421,0.5917,0.8705,0.544
34,17,3417,IN,IN,1.4452,1.3523,1.3141,1.3391,1.1337
34,18,3418,NN,NN,2.307,1.9923,2.0149,2.3117,2.2364
34,19,3419,.,.,1.0846,2.1569,1.0608,2.1393,2.0056
35,1,3501,NN,NN,2.8842,3.6947,3.3387,3.8093,3.6135
35,2,3502,VBZ,VBZ,1.8936,1.8125,2.241,1.7882,2.0027
35,3,3503,VBG,VBG,3.4049,4.5349,4.8188,3.7183,4.3845
35,4,3504,",",",",5.0093,4.3061,3.6352,4.962,4.1436
35,5,3505,CC,CC,3.3429,1.4812,1.1905,2.5136,1.2772
35,6,3506,PRP,PRP,2.4448,2.9966,2.4355,3.5299,3.3813
35,7,3507,VBP,VBP,3.4971,1.9203,1.5975,1.2895,1.5699
35,8,3508,WRB,WRB,6.8836,7.3512,5.3661,5.9403,6.3004
35,9,3509,.,.,3.6245,6.1792,5.5202,5.0975,6.4351
36,1,3601,NN,NN,2.8842,3.6947,3.3387,3.8093,3.6135
36,2,3602,VBZ,VBZ,1.8936,1.8125,2.241,1.7882,2.0027
36,3,3603,VBN,VBN,2.3466,1.2994,1.399,2.117,1.4286
36,4,3604,CC,CC,3.6714,4.6772,4.2609,4.7863,4.5044
36,5,3605,VBN,VBN,3.3748,3.1742,0.7902,4.2315,2.8463
36,6,3606,IN,IN,0.9136,0.4574,0.4344,0.5115,0.4133
36,7,3607,NNS,NNS,3.935,3.064,3.053,2.891,3.38
36,8,3608,",",",",1.1355,2.0066,1.7028,1.4948,1.9537
36,9,3609,NN,NN,2.9755,2.7173,2.8076,3.2031,3.0354
36,10,3610,",",",",1.8244,2.201,0.8542,1.9127,1.7049
36,11,3611,NNS,NNS,3.7637,2.9159,2.8523,3.4865,3.3571
36,12,3612,",",",",1.052,1.9313,0.2424,1.5349,1.9669
36,13,3613,NN,NN,3.2767,2.706,1.594,3.2679,3.131
36,14,3614,CC,CC,2.9582,2.7839,1.724,2.8487,2.1761
36,15,3615,NN,NN,2.4166,1.6927,0.5946,2.5,1.9652
36,16,3616,.,.,1.3782,2.4866,1.1047,1.7698,2.1998
37,1,3701,NN,NN,2.8842,3.6947,3.3387,3.8093,3.6135
37,2,3702,RB,RB,3.8706,4.3637,3.6532,4.2301,3.8462
37,3,3703,RB,RB,3.4032,3.7738,3.5295,3.6574,3.3948
37,4,3704,VBZ,VBZ,4.4802,1.8857,1.3822,2.3117,2.258
37,5,3705,PRP,PRP,2.0146,4.0907,3.8586,3.591,4.2682
37,6,3706,WRB,WRB,7.1079,6.502,5.1529,6.2531,5.8148
37,7,3707,TO,TO,5.1266,5.2446,3.5701,4.3917,5.6539
37,8,3708,VB,VB,0.0137,0.0139,0.0112,0.0308,0.0034
37,9,3709,.,.,4.5612,4.6951,3.4658,4.5183,3.6956
38,1,3801,PRP,PRP,2.3193,1.9342,2.2211,2.4535,2.3022
38,2,3802,RB,RB,3.5927,3.6522,1.9958,4.0824,2.2131
38,3,3803,VBP,VBP,4.4043,3.251,2.8939,2.2757,2.8305
38,4,3804,WRB,WRB,6.2016,6.6463,5.1135,5.4622,6.0243
38,5,3805,TO,TO,5.0437,5.9286,2.9886,5.2301,4.8817
38,6,3806,VB,VB,0.0134,0.0244,0.0122,0.0259,0.0027
38,7,3807,PRP,PRP,2.0905,2.7769,2.5644,2.5393,2.6826
38,8,3808,.,.,4.1167,4.1049,1.7603,4.1343,3.7671
39,1,3901,VB,VB,5.242,7.1902,5.7814,6.3614,5.714
39,2,3902,DT,DT,0.828,0.9236,2.2924,1.2008,1.3436
39,3,3903,NN,NN,0.3151,0.4037,0.5975,0.8334,0.6361
39,4,3904,WDT,WDT,5.1613,5.1415,4.8514,5.351,4.819
39,5,3905,VBZ,VBZ,2.6001,0.8107,1.0682,1.6762,0.9117
39,6,3906,IN,IN,2.2034,1.8536,1.7784,2.0606,1.7644
39,7,3907,DT,DT,0.6279,0.4797,0.7075,1.0526,0.72
39,8,3908,NN,NN,0.4887,0.4885,0.5655,0.9927,0.6882
39,9,3909,",",",",1.8989,2.1434,2.5429,2.0182,2.0253
39,10,3910,CC,CC,2.9709,1.3911,1.4228,2.4417,1.1636
39,11,3911,PRP,PRP,2.0767,3.1627,2.643,3.3669,3.0073
39,12,3912,RB,RB,3.5084,3.745,3.3609,3.7922,4.0151
39,13,3913,MD,MD,6.5535,6.9802,4.0423,6.9069,5.3719
39,14,3914,RB,RB,5.277,2.5164,1.9302,5.0201,3.3812
39,15,3915,VB,VB,2.3096,1.0061,0.0417,1.3437,0.3792
39,16,3916,DT,DT,1.3809,1.1621,2.0182,1.5616,1.9415
39,17,3917,NN,NN,0.6174,0.4705,0.6443,1.0496,0.6425
39,18,3918,.,.,1.3985,1.8869,1.484,1.0059,1.5944
40,1,4001,CC,CC,5.6386,5.551,5.066,5.6831,4.7274
40,2,4002,DT,DT,1.4567,0.9636,1.6922,1.6169,1.4785
40,3,4003,MD,MD,6.5757,7.5588,5.813,8.3537,5.9346
40,4,4004,VB,VB,0.3678,0.0674,0.2456,0.0351,0.044
40,5,4005,.,.,5.1844,5.9806,5.6589,4.9237,5.123
41,1,4101,NN,NN,2.8842,3.6947,3.3387,3.8093,3.6135
41,2,4102,NNS,NNS,3.17,3.1195,2.3984,2.5906,2.3646
41,3,4103,VBP,VBP,2.5483,1.3945,1.004,1.5615,1.7218
41,4,4104,RB,RB,3.2073,2.3197,1.7952,2.272,2.4845
41,5,4105,TO,TO,5.2449,4.796,5.6307,4.7745,4.6292
41,6,4106,VB,VB,0.0212,0.026,0.0124,0.013,0.0071
41,7,4107,NNS,NNS,3.5273,3.1891,2.9745,2.3564,3.1234
41,8,4108,.,.,1.7818,2.7507,2.4146,1.8995,2.3232
42,1,4201,NNS,NNS,3.7716,4.7896,3.6664,4.0274,3.9084
42,2,4202,VBP,VBP,2.4984,1.5867,1.6511,1.4495,1.4338
42,3,4203,JJ,JJ,2.8269,2.5307,2.2827,2.4145,2.4942
42,4,4204,NNS,NNS,1.4017,1.0893,1.5109,0.877,1.2298
42,5,4205,CC,CC,3.2314,2.1885,2.2101,2.0798,2.013
42,6,4206,NNS,NNS,2.8292,1.697,1.2103,1.7161,2.3783
42,7,4207,IN,IN,1.7148,1.2187,1.4322,1.1573,1.0289
42,8,4208,JJ,JJ,3.6096,2.5722,1.7246,2.0102,2.0304
42,9,4209,NNS,NNS,1.3842,0.886,0.8021,0.744,0.5778
42,10,4210,TO,TO,5.0183,4.1369,4.5123,4.0149,4.3182
42,11,4211,VB,VB,0.0031,0.0197,0.0223,0.0046,0.0054
42,12,4212,NNS,NNS,3.6274,3.1958,2.4707,2.318,3.035
42,13,4213,VBN,VBN,4.4675,4.1808,3.9719,4.5994,3.9917
42,14,4214,.,.,2.3108,3.1289,2.6424,2.7906,2.7582
43,1,4301,NNS,NNS,3.7716,4.7896,3.6664,4.0274,3.9084
43,2,4302,VBP,VBP,2.4984,1.5867,1.6511,1.4495,1.4338
43,3,4303,VBG,VBG,3.562,4.5832,4.4682,4.5258,4.7042
43,4,4304,JJR,JJR,7.2069,5.7625,5.3582,5.916,5.6368
43,5,4305,IN,IN,2.35,1.1859,0.9436,1.8753,0.7947
43,6,4306,DT,DT,0.5483,0.6113,1.1298,1.0138,0.8132
43,7,4307,NN,NN,0.4007,0.5313,0.6855,0.9266,0.7161
43,8,4308,.,.,1.7778,3.2099,2.7503,2.469,3.0714
44,1,4401,CC,CC,5.6386,5.551,5.066,5.6831,4.7274
44,2,4402,IN,IN,3.2756,2.772,1.8784,3.0125,2.4037
44,3,4403,JJS,JJS,6.8478,6.9172,6.0265,5.6737,6.1618
44,4,4404,NNPS,NNPS,4.0294,6.8032,7.7024,5.6897,7.654
44,5,4405,VBP,VBP,5.2663,2.4032,2.2,3.2012,2.2414
44,6,4406,.,.,4.9019,6.0144,5.734,7.1155,4.8595
45,1,4501,NNS,NNS,3.7716,4.7896,3.6664,4.0274,3.9084
45,2,4502,VBP,VBP,2.4984,1.5867,1.6511,1.4495,1.4338
45,3,4503,DT,DT,1.9298,1.5276,1.9849,1.5686,1.9964
45,4,4504,JJ,JJ,2.0591,1.3367,1.0244,1.1043,1.2121
45,5,4505,NN,NN,0.6073,0.6581,0.4035,0.6302,1.0892
45,6,4506,IN,IN,1.336,1.0074,0.6285,1.3217,0.9524
45,7,4507,DT,DT,0.5159,0.5578,0.9868,1.0565,0.8226
45,8,4508,JJ,JJ,2.146,1.3887,1.3707,1.1669,1.2171
45,9,4509,NN,NN,0.7245,0.4006,0.3336,0.6472,0.4787
45,10,4510,.,.,1.6567,2.6054,1.9979,2.3385,2.3975
46,1,4601,IN,IN,2.4698,1.5539,1.5848,1.9561,1.5925
46,2,4602,DT,DT,0.5296,0.5158,1.0161,1.1168,0.9379
46,3,4603,JJS,JJS,6.8564,5.2655,5.6927,4.0344,4.7628
46,4,4604,NN,NN,1.6196,0.6208,0.7136,1.087,0.8471
46,5,4605,PRP,PRP,4.1413,4.3544,3.9139,5.3874,4.2403
46,6,4606,RB,RB,3.7513,4.2005,3.7051,5.1144,3.8771
46,7,4607,VBP,VBP,4.4854,3.4371,2.5768,2.7509,2.9953
46,8,4608,IN,IN,2.0681,2.2197,1.8224,1.9664,1.746
46,9,4609,PRP$,PRP$,3.4436,3.5768,2.7419,3.0572,3.0881
46,10,4610,NNS,NNS,3.1296,1.7489,1.9746,1.7712,1.9178
46,11,4611,.,.,1.6594,2.6184,2.2971,1.724,1.9598
47,1,4701,EX,EX,7.5565,5.3729,5.1629,6.6529,5.0084
47,2,4702,MD,MD,5.9407,4.3283,4.0337,5.8025,3.8721
47,3,4703,VB,VB,0.8476,0.0501,0.1921,0.1069,0.0419
47,4,4704,DT,DT,1.0216,0.8783,1.1286,1.2132,1.5565
47,5,4705,NN,NN,0.3635,0.4489,0.6708,0.8496,0.7119
47,6,4706,IN,IN,0.8975,0.8018,0.445,1.202,0.5038
47,7,4707,JJ,JJ,3.6135,3.1023,2.1986,2.549,2.708
47,8,4708,NNS,NNS,1.8137,2.0589,1.0274,1.2182,1.7083
47,9,4709,VBP,VBP,4.2331,3.1713,4.6473,2.3167,2.5425
47,10,4710,CC,CC,4.2535,5.1161,5.3147,5.254,5.0957
47,11,4711,VB,VB,3.4446,3.1725,1.275,2.6123,1.9021
47,12,4712,JJ,JJ,2.5841,2.4841,2.1944,2.2337,2.6935
47,13,4713,NNS,NNS,1.7497,1.438,1.2462,1.1162,0.8073
47,14,4714,.,.,0.9525,2.0976,1.0932,1.4454,1.5994
48,1,4801,PRP,PRP,2.3193,1.9342,2.2211,2.4535,2.3022
48,2,4802,DT,DT,5.7784,7.5566,8.0341,6.3146,6.3814
48,3,4803,VBP,VBP,6.1969,6.6349,2.4816,5.2631,4.5729
48,4,4804,.,.,4.7568,5.9671,6.2709,5.4417,6.0606
49,1,4901,RB,RB,3.8273,4.2138,3.0693,3.6606,3.0612
49,2,4902,IN,IN,2.405,2.033,2.2197,2.0485,1.7801
49,3,4903,DT,DT,0.5003,0.4669,0.926,1.0424,0.7688
49,4,4904,NN,NN,0.4444,0.4616,0.5891,0.9295,0.6959
49,5,4905,",",",",1.2891,1.268,1.0183,1.2958,1.2238
49,6,4906,DT,DT,2.031,0.9003,1.3101,1.8841,1.0352
49,7,4907,NN,NN,0.4686,0.4511,0.6511,1.0501,0.7599
49,8,4908,VBD,VBD,3.6133,1.1214,0.7447,2.2987,1.2111
49,9,4909,NN,NN,3.8377,3.9462,3.7274,3.0563,3.9103
49,10,4910,IN,IN,0.9679,0.8041,0.6675,0.9188,0.6056
49,11,4911,DT,DT,0.6235,0.4724,0.9652,1.0661,0.7413
49,12,4912,NN,NN,0.6192,0.5029,0.7357,1.1013,0.7845
49,13,4913,",",",",1.6841,2.1839,2.1693,1.9743,2.1979
49,14,4914,WDT,WDT,4.9129,2.8753,2.8215,3.3405,2.845
49,15,4915,VBD,VBD,2.3724,0.4909,0.2532,0.941,0.5594
49,16,4916,IN,IN,2.6825,1.7792,1.688,1.5844,1.6444
49,17,4917,DT,DT,0.6273,0.4852,0.8352,1.0359,0.7377
49,18,4918,NN,NN,0.5933,0.504,0.6618,1.0625,0.7709
49,19,4919,IN,IN,0.9965,1.1656,0.8918,1.0024,0.9217
49,20,4920,JJ,JJ,3.9717,3.2246,2.5217,2.5466,3.1162
49,21,4921,NN,NN,0.525,0.2026,0.6086,0.538,0.6374
49,22,4922,.,.,1.3761,1.7003,0.9243,1.5832,1.8137
50,1,5001,DT,DT,0.8294,0.9906,1.3371,1.3828,1.3407
50,2,5002,NN,NN,0.3621,0.6543,0.7459,0.8744,0.7793
50,3,5003,VBD,VBD,1.855,1.2465,0.957,1.4262,1.3013
50,4,5004,DT,DT,1.3925,1.5165,1.9634,1.7967,1.8534
50,5,5005,NN,NN,0.5864,0.6175,0.7407,1.0148,0.7746
50,6,5006,IN,IN,0.6862,0.608,0.459,0.5908,0.4301
50,7,5007,NNS,NNS,4.4522,3.8408,3.355,3.4619,4.2091
50,8,5008,.,.,1.2789,3.3715,2.7039,2.5164,2.7683
51,1,5101,DT,DT,0.8294,0.9906,1.3371,1.3828,1.3407
51,2,5102,NN,NN,0.3621,0.6543,0.7459,0.8744,0.7793
51,3,5103,IN,IN,1.3797,1.257,1.7318,1.5084,1.2372
51,4,5104,JJ,JJ,3.5782,3.6753,2.7948,2.9337,3.3066
51,5,5105,NN,NN,0.5605,0.2966,0.7752,0.7437,0.6224
51,6,5106,NNS,NNS,3.3098,3.8765,2.1359,2.7697,2.6146
51,7,5107,MD,MD,5.8285,3.7777,3.0679,4.4931,3.3789
51,8,5108,VB,VB,0.0721,0.1078,0.1829,0.0443,0.0461
51,9,5109,DT,DT,1.2045,1.0942,2.1577,1.403,2.0742
51,10,5110,NN,NN,0.4752,0.6279,0.6326,1.1377,0.7449
51,11,5111,IN,IN,1.1579,0.989,0.6161,1.4777,0.8424
51,12,5112,DT,DT,0.6366,0.4788,0.9632,1.0607,0.7863
51,13,5113,JJ,JJ,1.892,1.303,1.4312,1.1043,1.0994
51,14,5114,JJ,JJ,2.6291,2.769,2.6526,2.3295,2.4755
51,15,5115,NN,NN,0.7034,0.3844,0.3044,0.7517,0.4853
51,16,5116,",",",",1.9429,2.2215,1.888,1.6565,1.917
51,17,5117,IN,IN,2.3698,3.045,1.6382,2.4205,2.0582
51,18,5118,NN,NN,2.6784,2.1597,2.539,2.692,2.2239
51,19,5119,",",",",2.0049,2.1628,1.7405,1.7047,1.9519
51,20,5120,VBZ,VBZ,5.2549,4.1556,3.9197,4.8091,5.1951
51,21,5121,VBN,VBN,1.6452,1.352,1.3578,2.3724,1.4285
51,22,5122,IN,IN,0.7082,0.709,0.8409,0.6298,0.5824
51,23,5123,NN,NN,2.5611,2.226,2.2342,2.4647,2.2592
51,24,5124,.,.,0.8927,1.4757,1.6489,1.1455,1.3104
52,1,5201,CC,CC,5.6386,5.551,5.066,5.6831,4.7274
52,2,5202,PRP,PRP,2.9863,2.7673,1.6941,3.4048,2.1381
52,3,5203,MD,MD,3.8595,2.8647,3.0019,4.3183,2.7336
52,4,5204,VB,VB,0.2558,0.0766,0.3652,0.0473,0.0675
52,5,5205,NN,NN,3.3543,3.4218,3.7609,3.2257,3.7352
52,6,5206,CC,CC,2.8431,2.8027,2.5082,2.7679,2.7359
52,7,5207,NN,NN,2.411,2.6388,1.2007,2.6285,2.8968
52,8,5208,.,.,2.4746,2.4994,1.8229,2.2229,2.5862
53,1,5301,NNS,NNS,3.7716,4.7896,3.6664,4.0274,3.9084
53,2,5302,VBP,VBP,2.4984,1.5867,1.6511,1.4495,1.4338
53,3,5303,VBG,VBG,3.562,4.5832,4.4682,4.5258,4.7042
53,4,5304,JJR,JJR,7.2069,5.7625,5.3582,5.916,5.6368
53,5,5305,NNS,NNS,2.133,1.4671,1.6378,1.1713,1.9571
53,6,5306,.,.,2.6736,3.5191,2.8078,3.2795,3.6489
54,1,5401,IN,IN,2.4698,1.5539,1.5848,1.9561,1.5925
54,2,5402,RB,RB,5.2265,5.6337,4.3758,5.2665,4.6831
54,3,5403,",",",",1.1557,1.6761,1.1309,1.0355,1.4141
54,4,5404,NNS,NNS,4.1326,5.2109,3.6639,3.7795,4.4046
54,5,5405,VBD,VBD,4.339,1.3335,1.2332,2.0837,1.7664
54,6,5406,DT,DT,1.8547,1.4412,1.9134,1.6941,1.6874
54,7,5407,VBG,VBG,4.3532,5.4707,4.7814,4.8516,5.1053
54,8,5408,NN,NN,1.837,2.6074,0.4748,2.4695,2.4324
54,9,5409,NN,NN,2.8186,1.955,2.4545,2.4816,2.8843
54,10,5410,VBD,VBD,3.882,2.6151,3.6511,3.6619,3.8877
54,11,5411,IN,IN,3.1587,1.9514,1.9155,1.7232,1.5077
54,12,5412,IN,IN,4.5764,4.2117,4.0371,4.2283,4.1859
54,13,5413,DT,DT,0.6498,0.53,0.8605,1.072,0.7757
54,14,5414,NN,NN,0.5726,0.5456,0.6745,0.9381,0.7701
54,15,5415,",",",",1.4967,2.239,2.1992,1.9971,2.0636
54,16,5416,CC,CC,2.4515,1.2157,1.223,1.8435,1.0837
54,17,5417,PRP,PRP,1.9161,3.4429,2.5096,3.7729,3.2727
54,18,5418,VBD,VBD,1.4386,0.4942,0.1966,0.8812,0.7062
54,19,5419,VBG,VBG,3.6688,4.1342,3.6814,3.5597,4.1557
54,20,5420,RB,RB,3.6828,3.8923,2.83,3.1626,3.3035
54,21,5421,IN,IN,2.1736,1.625,1.3583,1.4858,1.5774
54,22,5422,DT,DT,0.6672,0.5834,0.8485,1.0479,0.7896
54,23,5423,NN,NN,0.5733,0.5083,0.633,0.8952,0.7064
54,24,5424,VBD,VBD,4.7629,3.1371,3.7133,4.3265,3.4644
54,25,5425,.,.,3.8974,4.617,2.9377,3.6467,3.6853
55,1,5501,JJ,JJ,3.993,3.9098,3.3057,3.9126,3.847
55,2,5502,NN,NN,0.9448,0.7029,1.1343,0.8077,1.211
55,3,5503,VBZ,VBZ,2.5281,2.0634,2.1189,2.0889,2.1157
55,4,5504,IN,IN,2.051,1.8078,1.8641,1.9273,1.695
55,5,5505,JJR,JJR,8.6521,6.3858,5.949,7.0499,6.32
55,6,5506,NN,NN,1.7692,1.3459,1.257,1.4482,1.52
55,7,5507,RB,RB,3.8657,4.9708,4.5205,4.6858,5.1783
55,8,5508,VBZ,VBZ,4.6387,4.3847,3.028,2.7762,4.2717
55,9,5509,VB,VB,4.1565,6.5652,5.6745,5.7663,6.0695
55,10,5510,IN,IN,2.5108,2.0686,1.5587,1.5939,1.2936
55,11,5511,DT,DT,0.5378,0.5124,0.814,1.1144,0.7581
55,12,5512,RBR,RBR,7.0706,7.7951,6.2108,8.7763,6.1514
55,13,5513,JJ,JJ,1.8444,1.1013,0.0587,0.7255,0.8924
55,14,5514,NN,NN,0.6678,0.3512,0.4097,0.7019,1.389
55,15,5515,.,.,1.6739,2.0866,1.3446,1.6016,1.6819
56,1,5601,NNS,NNS,3.7716,4.7896,3.6664,4.0274,3.9084
56,2,5602,IN,IN,1.6077,1.1082,1.4638,1.5904,1.2685
56,3,5603,NNS,NNS,4.2199,3.437,2.912,3.3086,3.4078
56,4,5604,IN,IN,1.6501,1.7152,1.887,1.6134,1.2925
56,5,5605,JJ,JJ,3.6996,3.2606,2.2388,2.9523,2.8949
56,6,5606,NN,NN,1.0326,1.0432,0.9985,0.9758,1.5365
56,7,5607,NNS,NNS,3.0644,2.7605,2.2026,2.353,2.094
56,8,5608,VBP,VBP,4.3069,1.7176,1.3202,2.0364,1.89
56,9,5609,VBN,VBN,1.9826,1.3866,1.0928,1.3034,1.1296
56,10,5610,JJ,JJ,3.6315,3.4229,3.3936,3.8878,3.6141
56,11,5611,NN,NN,1.1602,1.2496,2.1175,0.8156,1.612
56,12,5612,IN,IN,1.2959,1.3008,1.3994,1.5129,1.2247
56,13,5613,DT,DT,0.4601,0.6269,0.984,1.1601,0.9087
56,14,5614,NN,NN,0.5569,0.6612,0.6659,0.8729,0.8154
56,15,5615,.,.,1.2338,2.2668,1.5314,1.6306,1.9642
57,1,5701,NNP,NNP,1.924,1.9819,1.7314,1.0647,1.6792
57,2,5702,VBZ,VBZ,2.9554,2.1684,2.4743,2.5833,1.9944
57,3,5703,DT,DT,0.6724,1.094,1.385,1.0757,1.558
57,4,5704,NN,NN,0.4519,0.6047,0.819,0.9334,0.7514
57,5,5705,.,.,2.0773,3.7289,4.6503,2.5248,4.0151
58,1,5801,PRP,PRP,2.3193,1.9342,2.2211,2.4535,2.3022
58,2,5802,VBZ,VBZ,0.7019,1.208,1.7221,2.0485,1.1569
58,3,5803,DT,DT,0.8323,1.2993,1.5996,1.3029,1.5512
58,4,5804,NN,NN,0.4004,0.6135,0.8644,0.9521,0.774
58,5,5805,CC,CC,2.5548,2.9559,3.2619,2.6092,2.739
58,6,5806,NN,NN,2.2739,2.062,1.3884,2.3881,2.0702
58,7,5807,",",",",2.7344,2.7093,2.6592,2.4538,2.3125
58,8,5808,RB,RB,2.7152,3.7466,2.5372,2.9001,3.3728
58,9,5809,DT,DT,3.6579,2.3427,2.7435,2.5751,2.8462
58,10,5810,JJ,JJ,1.4284,1.3652,1.2814,1.2011,1.2189
58,11,5811,VBG,VBG,5.2473,6.3025,5.2047,5.9688,5.4468
58,12,5812,NNS,NNS,2.6904,3.0211,2.6132,3.2317,2.5519
58,13,5813,.,.,0.9011,2.1331,1.5623,1.5464,2.5082
59,1,5901,NN,NN,2.8842,3.6947,3.3387,3.8093,3.6135
59,2,5902,VBZ,VBZ,1.8936,1.8125,2.241,1.7882,2.0027
59,3,5903,RB,RB,2.6222,3.0519,1.8618,2.0474,2.4267
59,4,5904,IN,IN,2.6666,2.0752,2.6897,1.3718,1.7893
59,5,5905,PRP,PRP,2.3697,4.01,2.9187,4.4546,4.287
59,6,5906,VBD,VBD,1.9707,1.8792,1.5308,1.636,2.3913
59,7,5907,DT,DT,1.3263,1.3073,1.8408,1.9045,1.637
59,8,5908,NN,NN,0.6623,0.5385,0.725,1.0046,0.7318
59,9,5909,TO,TO,5.0069,3.6675,3.3005,3.6954,3.8122
59,10,5910,VB,VB,0.0043,0.0096,0.0157,0.0162,0.0036
59,11,5911,.,.,3.8688,4.5177,3.7635,3.8937,3.8354
60,1,6001,CC,CC,5.6386,5.551,5.066,5.6831,4.7274
60,2,6002,NN,NN,1.8613,2.3178,3.5609,3.0653,2.5048
60,3,6003,VBZ,VBZ,2.1335,2.2163,3.102,2.0762,2.7911
60,4,6004,DT,DT,1.2212,1.3113,1.7976,1.3617,1.4382
60,5,6005,JJS,JJS,6.4221,4.7257,4.3337,3.6466,4.0071
60,6,6006,NN,NN,1.6604,0.6712,0.5284,1.138,0.6259
60,7,6007,IN,IN,1.0696,0.8547,0.5814,0.8349,0.739
60,8,6008,JJ,JJ,3.467,2.7031,2.5049,1.9487,2.8328
60,9,6009,NN,NN,0.6819,0.2137,0.7649,0.5759,0.5004
60,10,6010,.,.,1.5856,2.472,1.8668,1.7157,2.2993
61,1,6101,NN,NN,2.8842,3.6947,3.3387,3.8093,3.6135
61,2,6102,VBZ,VBZ,1.8936,1.8125,2.241,1.7882,2.0027
61,3,6103,NN,NN,2.8344,3.5136,3.7713,3.399,3.8507
61,4,6104,.,.,2.1355,3.8625,3.7906,2.6748,3.8891
62,1,6201,PRP,PRP,2.3193,1.9342,2.2211,2.4535,2.3022
62,2,6202,VBZ,VBZ,0.7019,1.208,1.7221,2.0485,1.1569
62,3,6203,PRP,PRP,2.7005,3.8719,4.036,3.6749,3.8091
62,4,6204,TO,TO,5.4074,4.2192,2.5693,4.5678,3.1926
62,5,6205,VB,VB,0.0079,0.0127,0.0098,0.0066,0.0068
62,6,6206,",",",",4.9981,4.9986,4.0649,4.5399,3.7631
62,7,6207,VB,VB,4.3777,3.9215,3.9628,4.5329,4.0327
62,8,6208,CC,CC,4.5261,4.6738,3.5376,4.2624,3.4818
62,9,6209,VB,VB,2.7146,1.6475,0.4679,2.4985,1.1004
62,10,6210,IN,IN,2.7941,2.2622,1.7247,2.1881,1.5905
62,11,6211,NNS,NNS,3.9695,3.0299,3.7407,2.5371,3.5261
62,12,6212,RB,RB,3.7929,4.6634,3.7741,3.7847,4.1889
62,13,6213,VBN,VBN,1.6047,1.7001,2.8882,2.5199,2.1561
62,14,6214,IN,IN,0.6189,0.5965,0.4642,0.7766,0.5832
62,15,6215,IN,IN,4.1542,3.7359,3.711,4.1686,3.5918
62,16,6216,DT,DT,0.5622,0.5988,1.0622,1.0952,0.9188
62,17,6217,IN,IN,5.2584,5.0588,4.8642,5.3714,4.7091
62,18,6218,PRP,PRP,2.898,3.5714,2.887,3.8012,3.1064
62,19,6219,.,.,3.4352,2.8443,1.7386,2.818,2.4639
63,1,6301,NNS,NNS,3.7716,4.7896,3.6664,4.0274,3.9084
63,2,6302,VBP,VBP,2.4984,1.5867,1.6511,1.4495,1.4338
63,3,6303,RB,RB,3.3254,2.2929,1.7951,2.2431,2.412
63,4,6304,VBN,VBN,1.413,1.0967,0.5917,1.6905,1.0854
63,5,6305,IN,IN,0.8676,0.6095,0.7512,0.5954,0.5262
63,6,6306,IN,IN,4.1659,3.4416,3.9274,4.0534,3.6727
63,7,6307,DT,DT,0.6667,0.6011,0.904,1.084,0.8359
63,8,6308,NNS,NNS,3.0788,2.3143,2.7266,1.7738,2.5738
63,9,6309,IN,IN,1.6232,1.1,1.0194,1.3233,1.0452
63,10,6310,PRP$,PRP$,3.4395,3.8461,3.1594,3.2783,3.4821
63,11,6311,NN,NN,0.4227,0.6221,0.7425,0.8681,0.6926
63,12,6312,NN,NN,3.0955,2.2075,3.0651,2.4995,2.6214
63,13,6313,NN,NN,3.1563,2.2208,3.0501,2.5235,2.6276
63,14,6314,.,.,1.4041,2.6526,1.019,1.5698,2.2568
64,1,6401,CC,CC,5.6386,5.551,5.066,5.6831,4.7274
64,2,6402,NN,NN,1.8613,2.3178,3.5609,3.0653,2.5048
64,3,6403,NNS,NNS,3.0887,2.7973,1.9241,2.4723,1.8259
64,4,6404,VBP,VBP,2.2071,0.9657,0.8193,1.0842,1.2993
64,5,6405,VBG,VBG,4.1321,4.6262,4.4258,4.4546,4.6273
64,6,6406,",",",",3.8366,4.0749,3.7893,4.4603,3.8687
64,7,6407,RB,RB,2.8395,3.5294,2.4449,3.0988,3.1904
64,8,6408,IN,IN,2.3588,1.8625,1.6302,1.6604,1.4487
64,9,6409,DT,DT,0.6368,0.6037,1.2312,1.1297,0.9195
64,10,6410,NNS,NNS,2.8364,2.3407,2.4676,1.7381,2.7915
64,11,6411,IN,IN,1.5836,0.9812,1.2101,1.3439,1.1494
64,12,6412,NNS,NNS,4.1202,2.667,2.3084,2.1461,2.6824
64,13,6413,.,.,1.2215,3.0309,1.7027,1.8086,2.2541
65,1,6501,CD,CD,3.7372,4.6541,3.8793,4.1674,3.2139
65,2,6502,NNS,NNS,1.4516,1.4745,1.784,1.742,1.4927
65,3,6503,VBP,VBP,3.2872,2.6159,2.4214,2.7132,3.0982
65,4,6504,RB,RB,3.3244,2.7692,2.1325,2.5854,2.7065
65,5,6505,VBN,VBN,1.3769,1.2507,0.4719,1.8655,1.1341
65,6,6506,JJ,JJ,3.6993,3.5284,3.5835,3.8344,3.8719
65,7,6507,TO,TO,5.0325,3.8407,3.0042,4.6952,4.4981
65,8,6508,VB,VB,0.0113,0.0173,0.0225,0.0192,0.0608
65,9,6509,JJ,JJ,2.8737,2.8052,2.4993,2.3711,2.9404
65,10,6510,NN,NN,1.074,1.099,1.4614,0.7682,1.7063
65,11,6511,.,.,1.9337,2.3226,1.8606,1.7002,2.093
66,1,6601,RB,RB,3.8273,4.2138,3.0693,3.6606,3.0612
66,2,6602,IN,IN,2.405,2.033,2.2197,2.0485,1.7801
66,3,6603,JJ,JJ,4.093,3.7748,3.2259,3.1567,3.6709
66,4,6604,NNS,NNS,1.7385,1.4803,1.1935,1.0683,1.0359
66,5,6605,CC,CC,3.4615,3.221,3.6636,2.5524,2.6017
66,6,6606,RB,RB,3.8072,4.0776,4.291,3.9193,3.9622
66,7,6607,RB,RB,3.2417,3.1239,3.6495,3.2439,3.0996
66,8,6608,.,.,2.7507,4.9443,6.2343,3.4008,4.5991
67,1,6701,DT,DT,0.8294,0.9906,1.3371,1.3828,1.3407
67,2,6702,JJS,JJS,6.8117,4.9873,4.686,3.8813,4.6752
67,3,6703,JJ,JJ,2.0404,1.9619,2.1657,2.0614,1.7588
67,4,6704,NNS,NNS,1.8339,2.1976,1.9723,1.5891,2.1555
67,5,6705,IN,IN,1.7133,1.3583,1.3808,1.2533,1.1819
67,6,6706,DT,DT,0.5733,0.5515,0.6825,1.1241,0.6449
67,7,6707,NN,NN,0.3466,0.583,0.6472,0.8979,0.7925
67,8,6708,VB,VB,6.6822,9.112,6.0964,8.0396,8.0267
67,9,6709,NN,NN,2.6239,2.7772,2.3755,2.411,3.4142
67,10,6710,TO,TO,5.0577,3.7548,4.2277,4.2277,4.3048
67,11,6711,VB,VB,0.0017,0.0148,0.0125,0.0052,0.012
67,12,6712,IN,IN,2.5912,2.4733,2.0219,2.6084,1.8513
67,13,6713,NN,NN,2.7532,2.1311,2.2472,2.516,2.2498
67,14,6714,NNS,NNS,3.1984,2.477,2.0673,2.3243,2.0039
67,15,6715,CC,CC,2.7205,2.259,2.0992,2.4679,2.0312
67,16,6716,NN,NN,2.354,1.4306,1.4865,2.6249,1.8035
67,17,6717,NNS,NNS,3.3054,2.345,0.9598,2.2047,1.6053
67,18,6718,.,.,0.9208,1.7822,0.9315,1.6375,1.6842
68,1,6801,PRP,PRP,2.3193,1.9342,2.2211,2.4535,2.3022
68,2,6802,VBP,VBP,3.4896,3.1816,2.6522,1.8598,2.3547
68,3,6803,TO,TO,4.1641,3.6703,3.3542,4.1791,3.1704
68,4,6804,VB,VB,0.0236,0.0181,0.0116,0.0285,0.007
68,5,6805,IN,IN,2.8016,2.3964,1.5058,2.4028,1.6503
68,6,6806,JJ,JJ,3.9528,3.1472,2.8993,2.8651,2.8312
68,7,6807,NN,NN,0.7892,0.793,1.1464,0.9541,1.4432
68,8,6808,.,.,2.3595,2.5902,1.9698,2.1478,2.6132
69,1,6901,NNS,NNS,3.7716,4.7896,3.6664,4.0274,3.9084
69,2,6902,MD,MD,5.2023,4.0219,3.361,4.8425,3.7001
69,3,6903,VB,VB,0.6985,0.0424,0.2179,0.0806,0.0511
69,4,6904,NN,NN,3.0573,3.3723,3.645,3.1142,3.7642
69,5,6905,IN,IN,1.3393,0.9613,0.7928,1.1176,0.7734
69,6,6906,NN,NN,2.6857,2.2621,2.0225,2.4525,2.3259
69,7,6907,",",",",1.5615,2.1938,2.1277,1.7783,1.8298
69,8,6908,IN,IN,2.8269,2.513,1.9574,2.5632,2.0161
69,9,6909,NN,NN,2.502,2.3019,2.35,2.6608,2.3227
69,10,6910,IN,IN,1.3026,1.2342,1.8027,1.3243,1.2584
69,11,6911,JJ,JJ,3.4853,3.0981,1.8772,2.4684,2.395
69,12,6912,NN,NN,1.1972,1.2173,0.9758,0.9668,1.514
69,13,6913,.,.,1.7251,2.0527,1.9987,2.5524,2.0898
70,1,7001,DT,DT,0.8294,0.9906,1.3371,1.3828,1.3407
70,2,7002,MD,MD,7.1297,7.5249,5.8793,8.1258,6.5931
70,3,7003,RB,RB,4.0,3.135,1.9044,4.6551,3.4445
70,4,7004,VB,VB,1.5613,0.3943,0.0332,0.3244,0.0246
70,5,7005,RP,RP,5.658,5.1233,4.7342,4.5429,3.9656
70,6,7006,IN,IN,2.2308,1.4167,1.0304,1.5697,0.6634
70,7,7007,PRP$,PRP$,3.1098,3.4494,3.2043,2.8068,3.3839
70,8,7008,NN,NN,0.5729,0.4507,0.5924,0.8948,0.5483
70,9,7009,TO,TO,4.9274,3.8473,3.457,4.1585,4.5255
70,10,7010,VB,VB,0.0037,0.0068,0.011,0.0096,0.0038
70,11,7011,PRP,PRP,2.527,3.3626,2.953,3.3902,3.47
70,12,7012,NNS,NNS,4.6194,6.3818,6.6626,4.2782,5.2599
70,13,7013,CC,CC,2.3527,2.392,2.4641,2.2857,2.5933
70,14,7014,VB,VB,2.0134,2.1609,0.7674,2.2115,2.0148
70,15,7015,PRP$,PRP$,3.3454,2.5258,2.2396,2.8226,3.0114
70,16,7016,NN,NN,0.4077,0.4493,0.6691,0.9612,0.5997
70,17,7017,.,.,1.2277,1.6263,1.0394,1.204,1.23
71,1,7101,VBG,VBG,3.6666,4.3524,3.9696,3.8951,3.7093
71,2,7102,IN,IN,2.7069,1.0023,0.7159,1.4464,0.8168
71,3,7103,NN,NN,2.7559,2.9763,2.9222,3.0302,3.1771
71,4,7104,VBZ,VBZ,3.91,3.6531,4.1823,2.8213,4.243
71,5,7105,JJ,JJ,2.816,2.886,2.482,2.4154,2.8191
71,6,7106,.,.,3.4516,4.6467,3.0515,5.8668,4.5679
72,1,7201,PRP,PRP,2.3193,1.9342,2.2211,2.4535,2.3022
72,2,7202,VBP,VBP,3.4896,3.1816,2.6522,1.8598,2.3547
72,3,7203,NNS,NNS,2.9646,3.6351,4.1338,3.5233,4.5888
72,4,7204,IN,IN,1.7226,1.0577,0.7544,1.273,0.974
72,5,7205,NNS,NNS,3.9737,3.0745,2.517,2.6107,2.9483
72,6,7206,TO,TO,4.7428,3.7576,3.6673,4.1125,3.57
72,7,7207,VB,VB,0.0103,0.0146,0.0142,0.0238,0.006
72,8,7208,CC,CC,4.3533,4.6822,3.8607,4.2378,3.7945
72,9,7209,NNS,NNS,2.7193,2.4891,2.8071,1.9775,3.1346
72,10,7210,TO,TO,4.403,3.5463,3.424,3.4535,3.5421
72,11,7211,VB,VB,0.0036,0.0113,0.0128,0.0047,0.0054
72,12,7212,",",",",4.3355,4.628,4.196,4.332,3.5876
72,13,7213,VBG,VBG,1.9422,2.6609,2.3949,2.4426,2.5639
72,14,7214,DT,DT,1.3987,0.8538,1.5669,1.3514,1.6517
72,15,7215,NN,NN,0.4381,0.4805,0.6847,0.9697,0.6629
72,16,7216,CC,CC,3.4161,2.8989,2.6019,3.0195,2.3278
72,17,7217,NN,NN,1.865,1.7615,1.0165,2.6461,1.7257
72,18,7218,TO,TO,4.6107,3.455,3.8405,3.4032,4.0653
72,19,7219,VB,VB,0.0033,0.0095,0.0154,0.008,0.0051
72,20,7220,.,.,3.8293,4.5151,2.8124,4.0747,3.3351
73,1,7301,JJ,JJ,3.993,3.9098,3.3057,3.9126,3.847
73,2,7302,NNS,NNS,1.4205,1.1602,0.9927,0.92,0.8014
73,3,7303,IN,IN,1.7314,1.6228,1.7299,1.4553,1.2612
73,4,7304,NN,NN,2.9708,2.7028,2.3401,2.6391,3.0051
73,5,7305,VBP,VBP,5.6848,3.1639,1.33,3.5619,3.568
73,6,7306,JJ,JJ,2.403,2.3149,2.1176,2.2047,2.3339
73,7,7307,IN,IN,2.4474,2.0067,1.5937,3.4534,1.8305
73,8,7308,VBG,VBG,3.2957,4.0848,3.5169,3.7637,3.7834
73,9,7309,JJ,JJ,2.4262,2.9364,2.3348,2.3552,2.7815
73,10,7310,NN,NN,1.2109,1.1946,1.2161,0.8882,1.5752
73,11,7311,.,.,1.7721,2.6023,1.9858,2.4158,2.3872
74,1,7401,NN,NN,2.8842,3.6947,3.3387,3.8093,3.6135
74,2,7402,VBZ,VBZ,1.8936,1.8125,2.241,1.7882,2.0027
74,3,7403,CD,CD,3.7651,4.1579,3.3155,4.3068,2.5934
74,4,7404,",",",",2.1414,3.3534,4.7171,1.9362,3.3112
74,5,7405,RB,RB,2.7892,4.4461,3.4771,3.189,3.7437
74,6,7406,IN,IN,2.0776,1.9058,1.727,1.7403,1.9011
74,7,7407,PRP$,PRP$,3.8061,4.0835,3.295,3.6209,3.792
74,8,7408,RB,RB,5.1164,7.0838,5.8358,6.5802,6.2527
74,9,7409,JJ,JJ,2.4319,2.3051,0.7355,1.9922,2.4979
74,10,7410,NN,NN,0.8219,0.5757,0.5112,0.6594,0.846
74,11,7411,.,.,1.2489,2.2198,1.5813,1.5997,1.8512
75,1,7501,NNS,NNS,3.7716,4.7896,3.6664,4.0274,3.9084
75,2,7502,VBD,VBD,2.2543,1.5969,1.1856,1.2104,1.5138
75,3,7503,PRP$,PRP$,4.1398,3.9718,3.9506,4.2631,3.918
75,4,7504,NN,NN,0.5079,0.6282,0.7838,0.866,0.6634
75,5,7505,NNS,NNS,2.7709,3.0423,4.0714,2.9138,2.9374
75,6,7506,VBN,VBN,3.6018,3.8274,4.5284,4.4964,3.6681
75,7,7507,IN,IN,0.6602,0.3169,0.2954,0.451,0.3077
75,8,7508,NNS,NNS,4.1521,2.9708,3.2397,3.3064,3.5589
75,9,7509,.,.,1.2972,2.9468,1.8789,1.8593,2.4843
76,1,7601,JJ,JJ,3.993,3.9098,3.3057,3.9126,3.847
76,2,7602,VBD,VBD,4.6478,5.8371,4.4683,5.5052,5.1497
76,3,7603,TO,TO,5.7305,3.6663,3.5648,3.0912,3.6146
76,4,7604,VB,VB,0.0557,0.0061,0.0066,0.0254,0.0036
76,5,7605,DT,DT,0.7054,0.4864,1.126,0.9038,1.0727
76,6,7606,JJ,JJ,2.2066,1.6878,1.4799,1.1803,1.3361
76,7,7607,NN,NN,0.3927,0.1615,0.2995,0.5945,0.4246
76,8,7608,CC,CC,3.5961,3.3713,3.0616,3.1427,2.7814
76,9,7609,VBD,VBD,4.0538,2.4077,1.2309,3.7095,1.8437
76,10,7610,VBG,VBG,3.628,4.7234,4.085,3.7607,4.1901
76,11,7611,IN,IN,2.2367,2.1339,1.372,1.4659,1.4692
76,12,7612,DT,DT,0.6514,0.4492,0.7932,1.0501,0.7392
76,13,7613,NN,NN,0.5858,0.4428,0.6073,1.0526,0.6877
76,14,7614,NNS,NNS,3.4838,3.2513,4.5248,3.096,2.9319
76,15,7615,.,.,0.8794,1.8573,1.2534,1.5594,1.6539
77,1,7701,NNP,NNP,1.924,1.9819,1.7314,1.0647,1.6792
77,2,7702,NNS,NNS,4.3068,4.9723,4.7062,4.8475,4.2996
77,3,7703,VBP,VBP,3.0283,1.6719,1.3193,2.3445,1.5208
77,4,7704,RB,RB,3.1347,2.8849,1.809,2.4326,2.4669
77,5,7705,RB,RB,3.4137,2.9679,2.9567,3.0328,3.0752
77,6,7706,JJ,JJ,3.068,1.9939,1.7809,2.807,2.119
77,7,7707,IN,IN,2.8205,1.7708,1.0953,2.9852,1.3655
77,8,7708,DT,DT,0.4852,0.6089,1.0388,1.1583,1.0309
77,9,7709,NNS,NNS,3.0615,2.4061,2.6814,1.8039,2.7768
77,10,7710,PRP,PRP,6.0356,5.1522,5.1302,6.5936,5.6766
77,11,7711,VBP,VBP,2.9701,1.3572,0.7391,1.1872,0.981
77,12,7712,.,.,2.6421,4.7269,3.9242,3.3693,4.6356
78,1,7801,PRP,PRP,2.3193,1.9342,2.2211,2.4535,2.3022
78,2,7802,VBP,VBP,3.4896,3.1816,2.6522,1.8598,2.3547
78,3,7803,TO,TO,4.1641,3.6703,3.3542,4.1791,3.1704
78,4,7804,VB,VB,0.0236,0.0181,0.0116,0.0285,0.007
78,5,7805,VBN,VBN,3.5374,2.6856,2.4103,2.6771,2.4051
78,6,7806,IN,IN,0.7157,0.6291,0.7373,0.7463,0.6102
78,7,7807,DT,DT,0.6891,0.5235,0.8097,0.8644,0.8923
78,8,7808,JJ,JJ,1.9373,1.711,1.3644,1.1509,1.3194
78,9,7809,NNS,NNS,1.4926,2.2758,2.5624,1.0718,1.9424
78,10,7810,IN,IN,1.5684,1.1347,1.05,1.37,1.2141
78,11,7811,DT,DT,0.6972,0.5704,1.0248,1.0355,0.9606
78,12,7812,JJ,JJ,1.8987,1.6918,1.4918,1.2487,1.2625
78,13,7813,NNS,NNS,1.5426,1.9296,2.1804,1.128,1.7697
78,14,7814,.,.,1.2648,2.2684,1.1359,2.0012,1.8102
79,1,7901,DT,DT,0.8294,0.9906,1.3371,1.3828,1.3407
79,2,7902,RBR,RBR,8.3248,8.0012,6.8622,8.1229,6.771
79,3,7903,PRP,PRP,4.0974,5.5857,4.8928,5.3228,5.9892
79,4,7904,VBP,VBP,3.2476,3.0348,2.043,1.8376,1.6459
79,5,7905,IN,IN,2.0486,1.8333,1.8892,2.2497,1.6301
79,6,7906,WRB,WRB,7.2573,6.8858,5.8697,5.7137,6.6283
79,7,7907,NNS,NNS,3.3434,3.3828,3.5311,3.1276,4.3529
79,8,7908,RB,RB,4.2347,3.825,4.0788,4.5469,3.986
79,9,7909,VBP,VBP,4.3368,3.9996,0.4988,3.751,3.2347
79,10,7910,",",",",3.4728,4.4305,3.1629,3.8707,3.9013
79,11,7911,DT,DT,2.5864,1.7763,3.2904,2.4662,2.2896
79,12,7912,RBR,RBR,7.3596,7.8001,5.854,8.0368,5.9954
79,13,7913,PRP,PRP,3.201,3.5091,6.6841,3.8926,5.7198
79,14,7914,MD,MD,3.1311,2.6423,2.0152,3.4455,2.1926
79,15,7915,VB,VB,0.1181,0.0994,0.1521,0.0183,0.0453
79,16,7916,JJ,JJ,2.7583,2.7224,2.5925,2.4748,2.8304
79,17,7917,NN,NN,0.8413,0.6627,2.1893,0.665,1.2936
79,18,7918,.,.,1.5815,2.044,1.4435,1.4413,1.7872
80,1,8001,NNS,NNS,3.7716,4.7896,3.6664,4.0274,3.9084
80,2,8002,IN,IN,1.6077,1.1082,1.4638,1.5904,1.2685
80,3,8003,JJ,JJ,3.8431,3.231,2.4147,3.0284,2.8367
80,4,8004,NNS,NNS,1.4791,0.9728,1.0015,0.7886,0.6937
80,5,8005,VBP,VBP,4.0535,1.4735,1.2862,1.4228,1.7063
80,6,8006,DT,DT,2.165,1.3714,2.222,1.4636,1.7033
80,7,8007,JJ,JJ,2.2942,1.4129,1.2096,1.2376,1.1954
80,8,8008,NN,NN,0.5822,0.5771,0.3659,0.6458,0.5691
80,9,8009,IN,IN,1.2942,1.2726,0.7517,1.5229,1.1265
80,10,8010,DT,DT,0.5331,0.5852,0.9602,1.0766,0.8629
80,11,8011,NNS,NNS,3.0505,2.5203,2.9231,1.9872,2.948
80,12,8012,IN,IN,1.7994,1.1797,1.2464,1.4247,1.1737
80,13,8013,DT,DT,0.5206,0.5961,0.9849,1.0623,0.8697
80,14,8014,NN,NN,0.4697,0.6279,0.6858,0.8533,0.7648
80,15,8015,.,.,1.1608,2.3831,1.4015,1.8526,2.2389
81,1,8101,NN,NN,2.8842,3.6947,3.3387,3.8093,3.6135
81,2,8102,VBZ,VBZ,1.8936,1.8125,2.241,1.7882,2.0027
81,3,8103,IN,IN,2.2678,1.7545,1.852,1.9502,1.808
81,4,8104,DT,DT,0.6499,0.5189,0.7779,1.0753,0.7573
81,5,8105,NN,NN,0.5916,0.5286,0.7194,0.9837,0.7504
81,6,8106,VBZ,VBZ,4.2611,2.5691,2.8614,4.2843,3.1064
81,7,8107,RB,RB,2.2438,3.1059,1.8859,1.979,2.2321
81,8,8108,JJ,JJ,1.7948,1.893,1.6945,1.6982,2.028
81,9,8109,IN,IN,2.6875,2.6864,1.2144,2.4036,2.1932
81,10,8110,DT,DT,0.6381,0.5446,0.8497,1.3333,0.7229
81,11,8111,JJ,JJ,1.6615,1.474,1.3308,1.1383,1.29
81,12,8112,NN,NN,0.5988,0.3135,0.2768,0.6235,0.5699
81,13,8113,.,.,1.6882,2.2039,1.4932,1.5571,2.1269
82,1,8201,CD,CD,3.7372,4.6541,3.8793,4.1674,3.2139
82,2,8202,IN,IN,2.9724,2.8314,1.8012,2.5649,2.2577
82,3,8203,DT,DT,0.4408,0.4631,0.5173,1.4222,0.9291
82,4,8204,NNS,NNS,3.1799,2.9314,1.8079,2.3565,2.7629
82,5,8205,PRP,PRP,6.6273,5.5023,5.0482,6.5154,6.5977
82,6,8206,MD,MD,3.6358,3.3365,3.3005,4.5472,3.3946
82,7,8207,VB,VB,0.1209,0.0574,0.2008,0.0993,0.0707
82,8,8208,",",",",4.213,4.8501,4.7217,4.2702,4.3548
82,9,8209,VBG,VBG,1.7527,2.3065,2.3883,2.3068,2.5069
82,10,8210,IN,IN,2.5169,1.8513,1.4033,2.2218,1.2899
82,11,8211,DT,DT,0.557,0.3536,0.9516,1.0797,0.8251
82,12,8212,VBG,VBG,4.9453,5.1672,4.2242,4.8183,4.8468
82,13,8213,NN,NN,1.6272,2.3516,0.5737,2.5048,2.6598
82,14,8214,IN,IN,1.2245,1.4194,0.7992,1.348,0.9688
82,15,8215,NNS,NNS,3.9589,3.5471,2.8786,2.5012,3.0833
82,16,8216,",",",",1.4199,2.0613,2.0055,1.71,1.5965
82,17,8217,VBZ,VBZ,5.0212,4.5738,5.9284,5.139,6.0784
82,18,8218,NNP,NNP,3.3991,3.8438,3.9411,2.9833,3.7131
82,19,8219,.,.,1.6258,1.6362,2.8425,1.4991,1.7743
83,1,8301,JJ,JJ,3.993,3.9098,3.3057,3.9126,3.847
83,2,8302,VBP,VBP,4.8469,6.4386,5.7373,6.1092,6.2821
83,3,8303,IN,IN,2.2742,1.9668,2.0359,2.6639,1.6572
83,4,8304,NN,NN,3.1528,2.6153,2.6098,2.6321,2.6374
83,5,8305,VBZ,VBZ,3.9919,3.6069,3.421,3.01,3.8444
83,6,8306,VBN,VBN,2.7291,1.2763,1.3592,2.6633,1.4249
83,7,8307,NNS,NNS,3.6051,3.6509,4.8533,3.373,4.0164
83,8,8308,CC,CC,2.877,2.3227,2.1279,2.1269,2.0511
83,9,8309,VBD,VBD,4.1562,4.4442,4.1124,4.223,4.7098
83,10,8310,JJ,JJ,3.0322,2.9277,2.2875,2.6539,2.8815
83,11,8311,NN,NN,1.176,1.1473,2.1456,0.6927,1.8585
83,12,8312,.,.,1.1864,2.5054,1.6904,1.6932,2.3189
84,1,8401,CC,CC,5.6386,5.551,5.066,5.6831,4.7274
84,2,8402,CD,CD,3.7848,4.2974,4.1577,3.7425,3.8126
84,3,8403,IN,IN,3.1896,3.3904,1.9801,2.8578,2.4187
84,4,8404,DT,DT,0.4496,0.4165,0.9019,1.5007,0.8501
84,5,8405,JJS,JJS,6.4366,5.3157,3.2891,4.4156,4.8973
84,6,8406,NNS,NNS,2.9345,1.8384,0.8915,2.0877,1.2719
84,7,8407,VBG,VBG,4.461,4.1674,3.9436,4.6475,4.0152
84,8,8408,DT,DT,1.2355,0.9305,1.3027,1.6564,1.6899
84,9,8409,NN,NN,0.4537,0.6153,0.6724,0.9272,0.7714
84,10,8410,VBZ,VBZ,4.1375,3.4538,3.4162,3.618,4.3921
84,11,8411,DT,DT,1.4912,1.4003,1.7436,1.5418,1.7576
84,12,8412,JJ,JJ,1.5005,1.1747,1.0782,1.2171,1.2297
84,13,8413,NN,NN,0.6777,0.302,0.2742,0.5942,0.4416
84,14,8414,IN,IN,1.0687,1.1197,0.8078,1.1192,0.8068
84,15,8415,DT,DT,0.5417,0.4772,0.8507,1.2018,0.7474
84,16,8416,NN,NN,0.4943,0.666,0.6644,0.8429,0.8243
84,17,8417,IN,IN,1.1034,1.4347,1.2103,1.2108,1.0775
84,18,8418,NN,NN,2.7736,2.1987,2.2216,2.196,2.6413
84,19,8419,.,.,1.2399,1.9512,1.1846,1.4501,1.5752
85,1,8501,NN,NN,2.8842,3.6947,3.3387,3.8093,3.6135
85,2,8502,VBZ,VBZ,1.8936,1.8125,2.241,1.7882,2.0027
85,3,8503,IN,IN,2.2678,1.7545,1.852,1.9502,1.808
85,4,8504,NN,NN,2.7898,2.3285,2.6787,2.4467,2.7984
85,5,8505,.,.,2.166,3.2852,3.5241,2.5654,3.3578
86,1,8601,DT,DT,0.8294,0.9906,1.3371,1.3828,1.3407
86,2,8602,NN,NN,0.3621,0.6543,0.7459,0.8744,0.7793
86,3,8603,VBZ,VBZ,1.9457,2.0343,1.7638,2.186,1.6426
86,4,8604,VBG,VBG,3.4545,4.8002,4.9706,3.7464,4.3657
86,5,8605,PRP$,PRP$,4.1808,4.1769,4.1896,3.8021,4.498
86,6,8606,NN,NN,0.358,0.4811,0.6211,0.6503,0.6152
86,7,8607,IN,IN,1.044,0.7345,0.7953,0.9073,0.733
86,8,8608,PRP,PRP,3.1704,4.2847,3.8904,4.7541,4.2166
86,9,8609,VBP,VBP,3.387,2.2139,2.6485,1.3203,2.2156
86,10,8610,PRP,PRP,2.9258,2.8086,3.0065,2.8682,2.865
86,11,8611,VB,VB,3.1943,4.8182,3.1411,5.0256,3.6527
86,12,8612,.,.,3.0344,4.1171,2.6519,2.8491,3.6608
87,1,8701,NNS,NNS,3.7716,4.7896,3.6664,4.0274,3.9084
87,2,8702,VBP,VBP,2.4984,1.5867,1.6511,1.4495,1.4338
87,3,8703,DT,DT,1.9298,1.5276,1.9849,1.5686,1.9964
87,4,8704,NNS,NNS,3.0271,2.1636,2.8739,1.9538,2.7231
87,5,8705,",",",",1.6882,2.232,2.6678,2.0388,1.9116
87,6,8706,DT,DT,2.2503,1.7827,2.8306,2.0475,2.6656
87,7,8707,NNS,NNS,2.9963,2.4537,2.5729,2.0338,2.875
87,8,8708,",",",",1.5353,2.1623,1.8901,1.8569,1.8362
87,9,8709,DT,DT,2.3587,1.755,2.6818,2.0921,2.7684
87,10,8710,NN,NN,0.3417,0.5896,0.801,0.9117,0.7321
87,11,8711,CC,CC,3.2499,2.6892,2.3161,2.8145,2.4167
87,12,8712,DT,DT,1.8523,1.6467,1.6258,1.8534,1.9438
87,13,8713,NNS,NNS,3.1311,2.4672,2.5316,1.9824,2.7169
87,14,8714,.,.,1.31,2.9943,3.0363,2.4028,2.2835
88,1,8801,PRP,PRP,2.3193,1.9342,2.2211,2.4535,2.3022
88,2,8802,VBP,VBP,3.4896,3.1816,2.6522,1.8598,2.3547
88,3,8803,RB,RB,2.6097,1.9543,1.377,2.1471,1.849
88,4,8804,VB,VB,2.2862,2.301,1.891,2.2209,1.542
88,5,8805,DT,DT,1.0559,0.9455,1.9937,1.1523,1.6357
88,6,8806,NN,NN,0.3439,0.3905,0.6527,0.8603,0.637
88,7,8807,CC,CC,3.0606,2.773,2.816,2.5573,2.5643
88,8,8808,DT,DT,1.9019,1.9776,2.6858,2.0221,2.1643
88,9,8809,JJ,JJ,1.5213,1.7994,1.3725,1.3583,1.3108
88,10,8810,NN,NN,0.5292,0.408,0.4075,0.669,0.6221
88,11,8811,.,.,2.0569,2.6978,1.7161,1.8001,2.1714
89,1,8901,EX,EX,7.5565,5.3729,5.1629,6.6529,5.0084
89,2,8902,VBP,VBP,5.2867,0.6292,0.5369,4.347,0.8619
89,3,8903,JJ,JJ,3.0278,2.5059,1.8098,2.6125,2.5116
89,4,8904,JJR,JJR,7.5935,7.091,6.5425,7.4238,6.2663
89,5,8905,NNS,NNS,2.0225,1.1199,0.9938,1.1061,1.3452
89,6,8906,CC,CC,2.9687,2.1559,2.7352,2.458,2.1202
89,7,8907,NNS,NNS,2.8564,1.724,1.6017,1.9271,2.1563
89,8,8908,IN,IN,1.5633,1.3783,1.1251,1.1325,1.0965
89,9,8909,RB,RB,4.9599,5.2711,4.6213,5.3449,4.4228
89,10,8910,VBN,VBN,1.3969,1.0548,2.2552,2.3,1.627
89,11,8911,",",",",2.6917,3.4135,3.0367,2.0335,3.2864
89,12,8912,JJ,JJ,3.2474,2.2489,2.5341,2.4599,2.3398
89,13,8913,NN,NN,1.0426,1.1911,2.2858,0.9589,1.6437
89,14,8914,VBZ,VBZ,4.5435,3.2887,5.1862,4.125,3.7779
89,15,8915,.,.,3.1136,4.7734,4.3473,3.9411,4.2752
90,1,9001,RB,RB,3.8273,4.2138,3.0693,3.6606,3.0612
90,2,9002,",",",",0.9155,0.4326,0.3811,0.8486,0.7139
90,3,9003,PRP$,PRP$,3.7663,4.3947,4.1964,3.8842,4.502
90,4,9004,NNS,NNS,3.5866,2.0916,2.1498,2.2234,2.4436
90,5,9005,VBP,VBP,2.1974,1.5228,1.4088,1.0521,1.6296
90,6,9006,RB,RB,2.8407,2.3428,1.7164,2.4117,2.4938
90,7,9007,VBG,VBG,4.0043,3.7939,4.4033,3.776,3.8798
90,8,9008,.,.,3.1882,4.3921,3.3222,3.9971,4.6591
91,1,9101,NNS,NNS,3.7716,4.7896,3.6664,4.0274,3.9084
91,2,9102,VBP,VBP,2.4984,1.5867,1.6511,1.4495,1.4338
91,3,9103,VBG,VBG,3.562,4.5832,4.4682,4.5258,4.7042
91,4,9104,.,.,4.5835,4.7706,4.9163,5.2358,4.8154
92,1,9201,NNS,NNS,3.7716,4.7896,3.6664,4.0274,3.9084
92,2,9202,VBP,VBP,2.4984,1.5867,1.6511,1.4495,1.4338
92,3,9203,VBG,VBG,3.562,4.5832,4.4682,4.5258,4.7042
92,4,9204,NNS,NNS,2.8476,2.5641,2.5224,2.0642,2.7539
92,5,9205,RB,RB,4.0568,4.1099,3.8165,3.5711,4.1792
92,6,9206,IN,IN,2.5424,1.7948,1.3448,1.8182,1.4361
92,7,9207,DT,DT,0.6512,0.6396,1.1202,1.14,0.8039
92,8,9208,NN,NN,0.4156,0.5005,0.6474,1.0088,0.7158
92,9,9209,.,.,1.5829,3.1391,1.8084,2.0921,2.7872
93,1,9301,DT,DT,0.8294,0.9906,1.3371,1.3828,1.3407
93,2,9302,NN,NN,0.3621,0.6543,0.7459,0.8744,0.7793
93,3,9303,VBZ,VBZ,1.9457,2.0343,1.7638,2.186,1.6426
93,4,9304,IN,IN,2.4523,1.8871,1.9078,2.0333,1.6258
93,5,9305,DT,DT,0.5326,0.4983,0.7434,1.1248,0.6973
93,6,9306,NN,NN,0.6138,0.5595,0.7244,0.978,0.7627
93,7,9307,.,.,2.0545,3.2229,3.8267,2.1073,3.2425
94,1,9401,CC,CC,5.6386,5.551,5.066,5.6831,4.7274
94,2,9402,RBR,RBR,6.7544,6.6599,6.1207,7.0149,6.213
94,3,9403,RB,RB,3.1469,2.6999,2.6205,2.781,2.9261
94,4,9404,",",",",1.9288,1.3026,0.8471,2.4281,1.0359
94,5,9405,DT,DT,1.2845,0.8524,1.518,1.327,1.3218
94,6,9406,JJ,JJ,1.8019,1.774,1.6384,1.5774,1.3347
94,7,9407,NN,NN,0.5153,0.281,0.4132,0.6549,0.6574
94,8,9408,JJ,JJ,4.3666,5.622,5.4562,5.0954,5.2748
94,9,9409,NN,NN,0.6346,0.3366,1.2549,0.6564,0.8016
94,10,9410,IN,IN,1.1171,1.487,1.3923,1.3862,1.3348
94,11,9411,DT,DT,0.6559,0.4767,0.8827,1.2021,0.7175
94,12,9412,NN,NN,0.6318,0.5068,0.7129,1.0261,0.7962
94,13,9413,NN,NN,2.3806,2.3806,2.6782,2.3299,2.6232
94,14,9414,VBZ,VBZ,4.3974,2.1797,1.8853,3.091,2.6628
94,15,9415,IN,IN,2.0153,1.9077,1.9667,1.8975,1.6354
94,16,9416,DT,DT,0.5752,0.5433,0.7547,1.2479,0.7582
94,17,9417,NN,NN,0.6119,0.5043,0.6266,0.9384,0.7273
94,18,9418,IN,IN,1.0775,1.31,1.1377,1.148,1.2304
94,19,9419,NNP,NNP,2.1754,2.6855,2.0446,1.6227,2.0421
94,20,9420,.,.,1.6189,1.9797,1.5054,1.601,1.8693
95,1,9501,CD,CD,3.7372,4.6541,3.8793,4.1674,3.2139
95,2,9502,NN,NN,2.5311,2.2934,1.8923,2.7334,1.935
95,3,9503,VBD,VBD,2.2915,1.4159,1.9586,1.7312,2.168
95,4,9504,NN,NN,3.9668,4.3528,4.0139,3.3562,4.267
95,5,9505,IN,IN,0.9027,0.729,0.6292,0.8049,0.8167
95,6,9506,NN,NN,2.9095,2.7882,2.6085,2.9422,3.1942
95,7,9507,.,.,2.3303,2.857,3.1648,2.7858,2.7196
96,1,9601,DT,DT,0.8294,0.9906,1.3371,1.3828,1.3407
96,2,9602,VBD,VBD,6.488,4.8395,3.4861,4.3577,3.7648
96,3,9603,VBN,VBN,1.068,1.0523,1.6313,2.1713,1.4558
96,4,9604,IN,IN,0.2373,0.2783,0.2917,0.4235,0.2365
96,5,9605,DT,DT,0.5131,0.491,0.8754,0.9857,0.7581
96,6,9606,JJ,JJ,2.0272,1.4317,1.4933,1.1222,1.4457
96,7,9607,JJ,JJ,2.8266,2.8406,2.5667,2.3291,2.4517
96,8,9608,NN,NN,0.5937,0.2367,0.3174,0.6482,0.5051
96,9,9609,IN,IN,0.7376,1.0332,0.6377,0.9205,0.9563
96,10,9610,JJ,JJ,3.5864,3.1655,2.7176,2.4713,3.2417
96,11,9611,NN,NN,0.6093,0.2477,0.8781,0.6718,0.6203
96,12,9612,.,.,1.7479,2.6018,1.9077,1.8451,2.6611
97,1,9701,NN,NN,2.8842,3.6947,3.3387,3.8093,3.6135
97,2,9702,NNS,NNS,3.17,3.1195,2.3984,2.5906,2.3646
97,3,9703,VBP,VBP,2.5483,1.3945,1.004,1.5615,1.7218
97,4,9704,JJ,JJ,2.5751,2.3777,2.1643,2.4187,2.43
97,5,9705,IN,IN,2.6264,2.0137,1.3682,3.1538,1.7629
97,6,9706,VBG,VBG,3.1803,4.2367,3.3968,4.0438,3.7176
97,7,9707,NN,NN,1.9336,2.2241,2.2416,2.0359,2.6401
97,8,9708,NNS,NNS,3.0247,2.2265,1.61,2.3601,2.0431
97,9,9709,",",",",1.1376,1.3982,1.3964,1.471,1.4449
97,10,9710,CC,CC,2.1676,1.5224,1.4977,1.7782,0.9409
97,11,9711,NNS,NNS,2.4926,1.8448,2.9549,2.0746,2.3108
97,12,9712,IN,IN,1.7628,1.3035,2.0793,1.4359,1.1798
97,13,9713,NNS,NNS,3.9744,2.5198,1.8065,1.887,2.6364
97,14,9714,VBP,VBP,4.4115,2.246,2.1521,2.4083,3.0465
97,15,9715,IN,IN,2.219,1.8565,2.3837,2.239,1.8569
97,16,9716,NN,NN,2.8944,1.9918,2.0154,2.1291,2.2639
97,17,9717,.,.,1.2288,2.1794,1.588,1.7125,1.9853
98,1,9801,DT,DT,0.8294,0.9906,1.3371,1.3828,1.3407
98,2,9802,VBZ,VBZ,6.7247,5.199,4.1932,6.0094,4.5577
98,3,9803,JJ,JJ,2.3806,2.798,2.6346,2.3754,2.9322
98,4,9804,NN,NN,0.574,0.4294,2.0219,0.539,1.3243
98,5,9805,IN,IN,0.9503,0.7991,0.9185,0.9355,0.6782
98,6,9806,DT,DT,0.5937,0.485,0.8886,1.1199,0.6945
98,7,9807,NN,NN,0.5532,0.547,0.7079,0.9454,0.7503
98,8,9808,VBZ,VBZ,4.6243,2.6943,3.2265,4.3316,3.0519
98,9,9809,IN,IN,2.012,1.8224,1.9853,1.9078,1.8193
98,10,9810,JJ,JJ,3.4656,2.808,2.3771,1.8998,2.8718
98,11,9811,NN,NN,0.5566,0.2333,0.8904,0.5669,0.5366
98,12,9812,IN,IN,0.9698,1.3075,1.7838,1.1657,1.2084
98,13,9813,NN,NN,2.959,2.0908,2.0989,2.214,2.6805
98,14,9814,.,.,1.5743,2.121,1.5366,1.4806,2.211
99,1,9901,NNS,NNS,3.7716,4.7896,3.6664,4.0274,3.9084
99,2,9902,VBP,VBP,2.4984,1.5867,1.6511,1.4495,1.4338
99,3,9903,TO,TO,4.601,3.9532,3.7328,4.3162,3.914
99,4,9904,VB,VB,0.0601,0.0396,0.0122,0.0267,0.0115
99,5,9905,RBR,RBR,6.9723,6.4241,5.3245,6.2467,5.5115
99,6,9906,JJ,JJ,2.3705,1.1964,0.4277,1.3752,1.4309
99,7,9907,IN,IN,2.9507,2.0345,0.9496,3.4187,1.7456
99,8,9908,RB,RB,5.15,5.4504,4.1366,5.2882,4.1438
99,9,9909,IN,IN,2.0336,1.6433,2.8199,1.6869,1.5959
99,10,9910,NN,NN,2.8829,2.4047,2.0233,2.472,2.252
99,11,9911,.,.,1.7831,2.1172,1.2959,2.0253,1.8908
100,1,10001,PRP,PRP,2.3193,1.9342,2.2211,2.4535,2.3022
100,2,10002,VBP,VBP,3.4896,3.1816,2.6522,1.8598,2.3547
100,3,10003,IN,IN,2.1467,1.9726,2.0643,2.3598,2.0412
100,4,10004,NN,NN,3.2226,2.8019,2.6631,2.945,3.0316
100,5,10005,MD,MD,6.1133,5.0107,4.6795,4.6153,5.656
100,6,10006,VB,VB,0.4737,0.0973,0.1289,0.1143,0.0274
100,7,10007,IN,IN,2.2615,2.2771,1.8633,1.993,1.9904
100,8,10008,NN,NN,3.0115,2.327,2.2895,2.6557,2.6302
100,9,10009,IN,IN,1.1822,1.2989,1.2368,1.328,1.2775
100,10,10010,NN,NN,2.8327,2.3405,2.0294,2.6672,2.6449
100,11,10011,IN,IN,1.1566,1.3027,1.508,1.3326,1.3064
100,12,10012,NN,NN,2.9134,2.3043,1.9805,2.6394,2.638
100,13,10013,.,.,2.0057,2.1623,1.4786,1.9619,2.0054
101,1,10101,NN,NN,2.8842,3.6947,3.3387,3.8093,3.6135
101,2,10102,MD,MD,5.7109,4.3893,4.5158,4.7861,4.8327
101,3,10103,VB,VB,0.8105,0.072,0.1888,0.1751,0.0266
101,4,10104,PRP,PRP,2.4,3.6843,4.123,3.5688,4.0396
101,5,10105,RB,RB,3.7185,2.5355,2.3546,3.5072,2.5218
101,6,10106,IN,IN,2.069,3.0361,1.424,2.5277,2.8963
101,7,10107,NN,NN,3.0055,2.5023,2.5814,2.7221,2.5838
101,8,10108,CC,CC,3.2814,2.4617,1.9514,2.8258,2.6462
101,9,10109,VB,VB,2.2487,1.6896,1.3903,2.4014,0.6285
101,10,10110,JJ,JJ,2.8796,3.0026,2.8322,2.48,3.244
101,11,10111,IN,IN,2.396,2.5819,1.9668,3.3134,1.927
101,12,10112,JJ,JJ,3.749,3.3271,2.5217,2.2138,2.6574
101,13,10113,NNS,NNS,1.7394,1.2049,1.0003,1.0496,0.8714
101,14,10114,IN,IN,1.6874,1.1916,1.7557,1.5858,1.3036
101,15,10115,NN,NN,2.8871,2.2712,1.9552,2.3335,2.1579
101,16,10116,.,.,1.5108,1.7589,1.0441,1.8801,1.5726
102,1,10201,PRP,PRP,2.3193,1.9342,2.2211,2.4535,2.3022
102,2,10202,MD,MD,4.1915,3.3724,3.726,4.624,3.3325
102,3,10203,VB,VB,0.6937,0.1376,0.2895,0.2011,0.0595
102,4,10204,DT,DT,0.8997,0.809,1.9071,1.1615,1.5976
102,5,10205,JJ,JJ,2.128,1.7159,1.1692,1.1425,1.1645
102,6,10206,NN,NN,0.473,0.31,0.3085,0.6549,0.3554
102,7,10207,CC,CC,2.9362,2.9059,2.9671,2.9093,2.8291
102,8,10208,VB,VB,3.0797,3.07,1.8691,3.5671,0.8373
102,9,10209,DT,DT,1.2817,1.0253,1.6331,1.2952,1.817
102,10,10210,NN,NN,0.4733,0.454,0.5561,0.9358,0.624
102,11,10211,IN,IN,0.9061,1.1992,0.7742,1.2701,0.8743
102,12,10212,DT,DT,0.7193,0.5848,0.8889,1.1494,0.7242
102,13,10213,NN,NN,0.5482,0.4716,0.6034,1.0089,0.6314
102,14,10214,IN,IN,1.0543,1.3455,1.2463,1.307,1.0723
102,15,10215,PRP,PRP,2.7358,3.8567,3.8068,3.7479,3.8668
102,16,10216,.,.,4.5095,2.7008,1.5165,3.263,3.0938
103,1,10301,DT,DT,0.8294,0.9906,1.3371,1.3828,1.3407
103,2,10302,NNS,NNS,3.3489,2.7429,2.9006,2.6732,2.9799
103,3,10303,WDT,WDT,4.8206,5.4119,5.2319,6.1425,4.961
103,4,10304,VBP,VBP,3.0159,0.9671,0.8119,0.9887,0.8409
103,5,10305,JJ,JJ,2.4718,2.5811,2.0997,2.2863,2.5252
103,6,10306,NN,NN,0.6277,0.7402,1.7511,0.6918,1.4859
103,7,10307,IN,IN,1.2193,1.0311,1.2649,1.2815,0.9857
103,8,10308,NN,NN,2.8179,2.2068,1.8579,2.4968,2.4758
103,9,10309,VBP,VBP,5.7945,4.6893,2.6505,4.5283,4.3201
103,10,10310,VBN,VBN,1.5353,1.4181,1.292,0.9591,1.1707
103,11,10311,RB,RB,4.1059,3.6796,3.1086,3.7874,3.5336
103,12,10312,IN,IN,2.1569,2.0249,1.5451,1.5445,1.2759
103,13,10313,VBN,VBN,5.6996,5.1746,4.8398,6.3157,4.9243
103,14,10314,",",",",2.9322,3.3713,3.2272,2.8054,3.533
103,15,10315,DT,DT,2.398,1.9514,3.6024,2.3508,2.9079
103,16,10316,NN,NN,0.5628,0.6735,0.7817,0.9469,0.7982
103,17,10317,VBZ,VBZ,4.8748,3.3306,1.8437,4.5551,3.7014
103,18,10318,.,.,3.7879,4.7226,4.3544,4.3258,4.9262
104,1,10401,PRP,PRP,2.3193,1.9342,2.2211,2.4535,2.3022
104,2,10402,VBP,VBP,3.4896,3.1816,2.6522,1.8598,2.3547
104,3,10403,VBN,VBN,2.9985,2.1416,1.687,2.3529,1.5424
104,4,10404,VBG,VBG,3.8927,4.7781,4.245,4.8916,5.1343
104,5,10405,NNS,NNS,2.6977,2.7055,2.5569,2.7744,3.2276
104,6,10406,CC,CC,2.6798,2.4245,2.1632,2.2058,2.1902
104,7,10407,PRP$,PRP$,4.4472,4.2465,4.6475,3.9823,3.0473
104,8,10408,NNS,NNS,2.7303,1.6066,1.3706,1.816,1.8405
104,9,10409,IN,IN,1.5641,0.9208,1.5564,1.0988,1.1273
104,10,10410,VBG,VBG,2.7927,3.8649,3.3261,3.506,3.4686
104,11,10411,DT,DT,1.8238,1.1663,1.6755,1.9612,1.6717
104,12,10412,NN,NN,0.4889,0.4417,0.6556,0.9102,0.658
104,13,10413,IN,IN,1.3522,1.4486,1.196,1.4299,1.2385
104,14,10414,NN,NN,2.5381,2.0688,1.9684,2.5343,2.3477
104,15,10415,.,.,1.1289,2.2536,1.1969,1.2784,1.894
105,1,10501,NNP,NNP,1.924,1.9819,1.7314,1.0647,1.6792
105,2,10502,MD,MD,5.8169,5.3402,5.5619,5.9933,5.5943
105,3,10503,VB,VB,0.7295,0.0468,0.2708,0.0858,0.0447
105,4,10504,DT,DT,0.7083,0.9088,1.6264,1.0949,1.4173
105,5,10505,NNP,NNP,2.2395,3.2861,3.211,1.8947,3.0873
105,6,10506,.,.,2.7982,2.8966,4.2939,3.4105,3.5485
106,1,10601,CC,CC,5.6386,5.551,5.066,5.6831,4.7274
106,2,10602,DT,DT,1.4567,0.9636,1.6922,1.6169,1.4785
106,3,10603,RBR,RBR,7.8797,7.8285,6.6303,8.1643,6.8987
106,4,10604,PRP,PRP,3.7431,5.0863,4.7329,4.6595,5.0373
106,5,10605,VBZ,VBZ,1.0291,1.9124,2.4107,2.222,1.6684
106,6,10606,TO,TO,5.1614,3.8572,3.024,3.0728,3.2057
106,7,10607,VB,VB,0.0048,0.007,0.0105,0.0053,0.0042
106,8,10608,RB,RB,2.7235,4.0065,3.0198,2.8828,3.5684
106,9,10609,",",",",3.0999,4.3865,2.6583,4.0812,2.7446
106,10,10610,DT,DT,1.7072,1.357,3.4308,2.1236,2.7262
106,11,10611,RBR,RBR,7.7937,7.9162,5.8171,8.607,5.9752
106,12,10612,JJ,JJ,1.7008,1.4556,0.0919,1.3506,0.9053
106,13,10613,WDT,WDT,6.3191,7.2691,7.9888,7.7147,6.0386
106,14,10614,VBZ,VBZ,3.4376,1.3382,0.6385,2.6322,1.1834
106,15,10615,.,.,4.5326,4.8977,4.6438,4.2846,4.4115
107,1,10701,JJ,JJ,3.993,3.9098,3.3057,3.9126,3.847
107,2,10702,NN,NN,0.9448,0.7029,1.1343,0.8077,1.211
107,3,10703,NNS,NNS,2.9655,2.9097,1.7519,2.542,2.1129
107,4,10704,MD,MD,5.1365,3.1765,3.507,4.1522,3.3148
107,5,10705,VB,VB,0.2679,0.0772,0.2022,0.0202,0.0379
107,6,10706,NNS,NNS,3.3943,2.9413,3.8443,2.8714,3.7401
107,7,10707,IN,IN,1.4352,0.873,0.6031,1.2881,0.7861
107,8,10708,NNS,NNS,4.0098,2.3595,2.3905,1.989,2.6233
107,9,10709,RB,RB,3.7723,4.0122,3.8643,4.1818,3.6394
107,10,10710,IN,IN,2.5134,2.8279,1.283,3.3095,1.2653
107,11,10711,DT,DT,0.6661,0.5599,1.0885,1.1437,0.8682
107,12,10712,NNS,NNS,2.8516,2.5492,2.6503,1.7207,2.7958
107,13,10713,IN,IN,1.7183,0.9987,1.0728,1.6012,1.1334
107,14,10714,NNS,NNS,3.9106,2.3305,2.3977,2.1383,2.5273
107,15,10715,DT,DT,5.9406,4.4416,5.5439,5.1573,5.526
107,16,10716,NN,NN,0.4902,0.5749,0.6619,1.053,0.717
107,17,10717,.,.,1.199,1.7782,1.1332,1.9874,1.7749
108,1,10801,RB,RB,3.8273,4.2138,3.0693,3.6606,3.0612
108,2,10802,",",",",0.9155,0.4326,0.3811,0.8486,0.7139
108,3,10803,NNS,NNS,4.1943,4.994,3.6855,3.8764,4.2393
108,4,10804,VBP,VBP,2.6267,1.0895,1.4224,1.6246,2.0378
108,5,10805,TO,TO,4.5696,3.7989,3.2986,4.2202,3.7015
108,6,10806,VB,VB,0.023,0.0228,0.01,0.0225,0.0064
108,7,10807,WRB,WRB,6.6801,7.2125,5.689,6.0725,5.6323
108,8,10808,DT,DT,1.2084,1.062,1.86,1.3806,1.2529
108,9,10809,NNS,NNS,3.1073,2.4055,2.0983,1.5862,2.7454
108,10,10810,MD,MD,5.6104,5.0118,2.6842,5.1381,3.4055
108,11,10811,VB,VB,0.1029,0.0705,0.0967,0.0428,0.0322
108,12,10812,PRP,PRP,2.1758,3.8906,3.874,3.0682,3.2793
108,13,10813,.,.,3.373,3.126,1.6226,3.7791,3.2995
109,1,10901,NNP,NNP,1.924,1.9819,1.7314,1.0647,1.6792
109,2,10902,",",",",3.1306,3.2,3.3939,3.4002,2.5284
109,3,10903,PRP,PRP,2.4155,2.2997,4.4543,2.9478,3.826
109,4,10904,VBZ,VBZ,0.9272,1.5337,1.3771,1.9709,1.1877
109,5,10905,",",",",5.1571,4.5381,4.5607,5.2082,4.1065
109,6,10906,VBZ,VBZ,4.4595,3.716,2.0508,5.3898,3.6744
109,7,10907,RB,RB,2.3247,2.502,1.9934,2.0802,2.2939
109,8,10908,VBN,VBN,1.3231,0.8681,0.8256,1.3481,1.6814
109,9,10909,DT,DT,3.7719,2.6265,2.6145,2.7202,2.8231
109,10,10910,JJ,JJ,1.6659,1.2521,1.1212,1.1097,1.2115
109,11,10911,NN,NN,0.6059,0.2241,0.2796,0.5173,0.4261
109,12,10912,.,.,1.5724,2.7516,2.0354,1.34,2.6525
110,1,11001,RB,RB,3.8273,4.2138,3.0693,3.6606,3.0612
110,2,11002,DT,DT,3.3186,3.1456,3.099,3.3914,2.5331
110,3,11003,JJ,JJ,2.0031,1.7735,1.5744,1.7532,1.4558
110,4,11004,VBN,VBN,4.6724,7.5241,5.1555,6.3075,5.9085
110,5,11005,NNPS,NNPS,5.8233,7.748,6.0446,6.6921,6.8819
110,6,11006,VBD,VBD,2.9053,1.6164,0.9378,1.7403,1.304
110,7,11007,IN,IN,2.2528,1.6705,1.6781,1.44,1.401
110,8,11008,DT,DT,0.6618,0.5292,0.8568,0.9193,0.8452
110,9,11009,NN,NN,0.5179,0.5099,0.7851,0.9274,0.8135
110,10,11010,.,.,1.6872,2.3062,3.4345,1.7238,2.6227
111,1,11101,WRB,WRB,6.2854,6.0969,4.7902,4.8075,4.7362
111,2,11102,JJ,JJ,3.2855,3.5845,3.5904,3.1206,3.1617
111,3,11103,NNS,NNS,1.3163,1.1516,1.3212,1.2424,0.8753
111,4,11104,VBD,VBD,2.4413,1.2725,1.3719,1.7277,1.9197
111,5,11105,WRB,WRB,6.2734,6.9414,6.4148,5.1574,6.246
111,6,11106,TO,TO,5.4054,6.4087,3.8677,4.4155,4.9983
111,7,11107,VB,VB,0.0344,0.0051,0.0083,0.0302,0.0029
111,8,11108,NNS,NNS,3.5264,3.5299,3.1992,2.8196,3.1067
111,9,11109,",",",",1.7051,2.4129,0.9773,1.9277,2.0695
111,10,11110,NN,NN,3.2268,2.8973,3.1176,3.5562,2.7812
111,11,11111,VBD,VBD,3.8186,3.1478,1.5688,3.2751,3.3144
111,12,11112,RB,RB,2.4464,2.6272,2.2347,2.2839,2.5734
111,13,11113,JJR,JJR,7.3495,4.6209,5.0126,6.1156,5.2405
111,14,11114,IN,IN,1.8422,1.5931,0.5268,1.7392,1.2145
111,15,11115,JJ,JJ,3.6509,2.9871,2.6286,2.5759,2.665
111,16,11116,NNS,NNS,1.574,1.5129,0.8717,1.2657,1.7919
111,17,11117,.,.,0.6907,1.6736,0.9647,1.2733,1.1316
112,1,11201,PRP,PRP,2.3193,1.9342,2.2211,2.4535,2.3022
112,2,11202,VBD,VBD,1.0778,0.5257,0.543,0.4073,0.8599
112,3,11203,IN,IN,2.3225,1.9152,1.5535,1.4903,1.3871
112,4,11204,NN,NN,3.3386,3.1507,2.94,3.0014,3.3057
112,5,11205,IN,IN,1.0393,0.9121,0.8632,0.9627,0.8893
112,6,11206,NN,NN,3.0275,2.8682,2.5673,2.6874,3.2486
112,7,11207,",",",",1.9093,1.9006,2.1932,2.0106,1.8103
112,8,11208,NN,NN,3.3051,4.2914,3.1226,3.8072,3.6123
112,9,11209,CC,CC,3.4813,2.8562,1.6451,2.7254,2.4268
112,10,11210,NN,NN,2.5783,3.0784,0.584,2.8866,2.593
112,11,11211,.,.,2.1228,3.0027,1.9011,2.2069,2.8141
113,1,11301,IN,IN,2.4698,1.5539,1.5848,1.9561,1.5925
113,2,11302,JJS,JJS,6.6777,6.6529,5.8177,5.666,5.9045
113,3,11303,IN,IN,2.553,2.1816,0.8147,1.8493,1.6013
113,4,11304,JJ,JJ,3.7233,3.5133,3.8356,2.8923,3.1904
113,5,11305,NN,NN,0.8405,0.5561,1.4353,0.9847,1.1431
113,6,11306,",",",",1.6815,0.7236,1.3112,1.3897,0.999
113,7,11307,NN,NN,3.0634,3.5928,3.2435,3.2706,3.1777
113,8,11308,VBD,VBD,3.8957,1.6445,1.778,2.5843,1.6884
113,9,11309,DT,DT,1.1257,1.4025,1.9773,1.8278,1.7484
113,10,11310,NN,NN,0.5359,0.5422,0.654,1.1348,0.8034
113,11,11311,IN,IN,0.8317,0.9477,0.5882,0.872,0.6811
113,12,11312,NN,NN,2.9323,2.3737,2.3266,2.5273,2.977
113,13,11313,.,.,2.0484,2.1622,2.1379,1.9991,2.492
114,1,11401,RB,RB,3.8273,4.2138,3.0693,3.6606,3.0612
114,2,11402,RB,RB,3.1678,4.4205,3.5128,3.6089,3.5277
114,3,11403,",",",",0.9011,0.4224,0.3874,0.8242,0.7032
114,4,11404,NNS,NNS,4.1965,5.0445,3.7109,3.8443,4.2052
114,5,11405,VBP,VBP,2.8399,1.1858,1.3745,1.6285,2.0642
114,6,11406,DT,DT,2.0892,1.4872,2.4102,1.399,1.9248
114,7,11407,JJ,JJ,1.9772,1.4537,1.1392,1.2487,1.2061
114,8,11408,NN,NN,0.6748,0.6246,0.385,0.6077,0.7876
114,9,11409,TO,TO,4.6775,3.6669,3.1644,3.9141,4.4944
114,10,11410,VB,VB,0.0108,0.0122,0.0181,0.0227,0.0082
114,11,11411,JJ,JJ,2.7212,2.8861,2.6174,2.288,2.8439
114,12,11412,.,.,3.2527,3.9297,2.8644,4.9605,3.3062
115,1,11501,NNS,NNS,3.7716,4.7896,3.6664,4.0274,3.9084
115,2,11502,IN,IN,1.6077,1.1082,1.4638,1.5904,1.2685
115,3,11503,DT,DT,0.4989,0.536,0.8672,0.9649,0.6457
115,4,11504,NN,NN,0.3896,0.5333,0.7157,1.0371,0.7945
115,5,11505,VBP,VBP,5.9957,3.5022,1.7085,3.7429,3.6119
115,6,11506,IN,IN,2.2215,1.9772,2.2224,2.4469,2.0837
115,7,11507,DT,DT,0.4854,0.5593,0.8741,1.0235,0.7907
115,8,11508,NN,NN,0.4863,0.6215,0.67,0.9844,0.7604
115,9,11509,.,.,2.0462,3.0323,2.7264,1.8387,2.86
116,1,11601,RB,RB,3.8273,4.2138,3.0693,3.6606,3.0612
116,2,11602,VBP,VBP,4.9518,5.5748,7.3253,4.001,6.7291
116,3,11603,PRP$,PRP$,3.898,4.5664,4.0803,3.697,4.2591
116,4,11604,NNS,NNS,3.2442,1.6495,2.0268,1.9992,2.1713
116,5,11605,.,.,2.7997,3.7276,2.5874,2.903,3.3863
117,1,11701,NNS,NNS,3.7716,4.7896,3.6664,4.0274,3.9084
117,2,11702,VBP,VBP,2.4984,1.5867,1.6511,1.4495,1.4338
117,3,11703,RB,RB,3.3254,2.2929,1.7951,2.2431,2.412
117,4,11704,VBN,VBN,1.413,1.0967,0.5917,1.6905,1.0854
117,5,11705,IN,IN,0.8676,0.6095,0.7512,0.5954,0.5262
117,6,11706,JJ,JJ,3.4953,2.6162,1.91,2.5237,2.2765
117,7,11707,NN,NN,0.9185,1.227,1.1868,0.8817,1.7402
117,8,11708,NNS,NNS,3.0549,2.4192,1.837,2.3001,2.0124
117,9,11709,IN,IN,1.8714,1.2351,1.7628,1.6895,1.3489
117,10,11710,NN,NN,2.7468,2.2236,1.8816,2.1341,2.2653
117,11,11711,NNS,NNS,3.2718,2.375,1.9959,2.236,1.6912
117,12,11712,IN,IN,1.9106,1.226,2.0191,1.654,1.3802
117,13,11713,NNS,NNS,3.8608,2.6405,2.3061,1.9383,2.622
117,14,11714,.,.,0.8625,2.2358,1.1151,1.5945,1.9193
118,1,11801,RB,RB,3.8273,4.2138,3.0693,3.6606,3.0612
118,2,11802,",",",",0.9155,0.4326,0.3811,0.8486,0.7139
118,3,11803,RB,RB,3.7664,4.2953,4.0786,3.5936,3.3907
118,4,11804,",",",",1.6279,1.442,1.3079,1.7459,1.8014
118,5,11805,VBP,VBP,6.3187,8.3581,5.9512,6.2908,7.528
118,6,11806,PRP,PRP,2.939,2.8064,3.5935,2.2851,3.6644
118,7,11807,VBN,VBN,3.9426,3.8375,4.7689,5.4813,4.8577
118,8,11808,IN,IN,0.5957,0.579,0.9279,0.6047,0.5174
118,9,11809,DT,DT,0.7481,0.5312,0.9517,1.1279,0.8576
118,10,11810,NN,NN,0.5004,0.502,0.7681,0.9754,0.7265
118,11,11811,.,.,2.0825,2.4057,1.9641,1.4085,2.368
119,1,11901,VBG,VBG,3.6666,4.3524,3.9696,3.8951,3.7093
119,2,11902,TO,TO,6.2816,4.4951,4.3838,5.7692,4.3419
119,3,11903,VB,VB,0.1183,0.0376,0.0201,0.0754,0.0123
119,4,11904,RP,RP,5.9236,5.9612,4.261,4.2816,4.2933
119,5,11905,WRB,WRB,5.2726,5.5071,5.4452,4.2267,5.679
119,6,11906,NNS,NNS,3.1337,3.8537,4.1087,2.6623,3.5465
119,7,11907,VBP,VBP,3.2771,2.1546,1.2539,2.5669,2.6029
119,8,11908,VBZ,VBZ,5.0861,6.7745,7.4679,6.8005,6.5277
119,9,11909,JJ,JJ,2.8426,2.8115,2.4147,2.4435,2.7815
119,10,11910,.,.,3.5259,3.6836,1.854,4.9487,3.1567
120,1,12001,PRP,PRP,2.3193,1.9342,2.2211,2.4535,2.3022
120,2,12002,VBP,VBP,3.4896,3.1816,2.6522,1.8598,2.3547
120,3,12003,IN,IN,2.1467,1.9726,2.0643,2.3598,2.0412
120,4,12004,NN,NN,3.2226,2.8019,2.6631,2.945,3.0316
120,5,12005,",",",",1.6483,1.7333,1.8236,1.6154,1.6852
120,6,12006,NN,NN,3.2227,3.1948,2.544,3.4763,3.1385
120,7,12007,",",",",1.6553,1.7644,0.7589,1.637,1.6927
120,8,12008,NNS,NNS,3.3891,3.3867,3.4606,3.0858,3.5129
120,9,12009,",",",",0.9112,1.9447,0.5027,1.4726,1.8474
120,10,12010,VBN,VBN,3.0985,3.5075,5.7704,4.5629,3.9484
120,11,12011,NNS,NNS,3.3699,3.2877,2.2058,3.3498,3.6521
120,12,12012,",",",",1.0156,1.8916,0.3989,1.6296,1.8662
120,13,12013,JJ,JJ,3.7138,2.7716,2.4078,3.0742,2.788
120,14,12014,NNS,NNS,1.5525,0.9602,1.0714,0.9994,0.7957
120,15,12015,CC,CC,2.8616,2.2488,1.9206,1.9628,1.9087
120,16,12016,NNS,NNS,2.6567,1.9604,1.2709,2.0728,2.0371
120,17,12017,VBN,VBN,4.2278,4.1052,4.0817,5.1942,3.8536
120,18,12018,IN,IN,0.8739,0.6127,0.4413,0.7447,0.5868
120,19,12019,DT,DT,0.5916,0.6674,1.1975,1.0875,0.9627
120,20,12020,NNS,NNS,2.6937,2.5861,2.3263,1.9587,2.8858
120,21,12021,IN,IN,1.8762,1.1514,1.5988,1.6394,1.2504
120,22,12022,NNS,NNS,3.7482,2.3811,2.079,2.1892,2.5451
120,23,12023,.,.,0.729,2.1167,0.7435,1.1201,1.4657
121,1,12101,DT,DT,0.8294,0.9906,1.3371,1.3828,1.3407
121,2,12102,RBS,RBS,7.6967,5.3866,5.0883,6.4637,5.4201
121,3,12103,JJ,JJ,1.7924,0.7195,0.2006,1.4452,0.4035
121,4,12104,NN,NN,0.4428,0.354,0.5058,0.5847,0.6509
121,5,12105,IN,IN,1.0337,1.2655,1.043,1.3978,0.9555
121,6,12106,NNP,NNP,2.0211,2.245,1.6321,0.9845,1.6623
121,7,12107,DT,DT,6.2189,5.336,5.4735,5.4783,5.1281
121,8,12108,NN,NN,0.7307,0.7429,0.9518,1.2564,0.9241
121,9,12109,VBZ,VBZ,4.311,2.4479,1.6165,2.7639,2.33
121,10,12110,IN,IN,2.1244,1.8657,1.8913,1.7117,1.7108
121,11,12111,DT,DT,0.6974,0.5058,0.7943,1.2321,0.8956
121,12,12112,NN,NN,0.6289,0.6393,0.7317,1.0913,0.7548
121,13,12113,.,.,1.4169,2.2271,2.5132,1.2993,2.3969
122,1,12201,PRP,PRP,2.3193,1.9342,2.2211,2.4535,2.3022
122,2,12202,RB,RB,3.5927,3.6522,1.9958,4.0824,2.2131
122,3,12203,VBZ,VBZ,3.6158,1.1031,1.9116,2.52,1.5598
122,4,12204,DT,DT,1.0028,1.1267,1.4331,1.2558,1.5876
122,5,12205,NN,NN,0.4346,0.6007,0.7379,0.8056,0.7286
122,6,12206,.,.,1.8148,3.5828,3.6339,1.7844,3.369
123,1,12301,NN,NN,2.8842,3.6947,3.3387,3.8093,3.6135
123,2,12302,NNS,NNS,3.17,3.1195,2.3984,2.5906,2.3646
123,3,12303,VBP,VBP,2.5483,1.3945,1.004,1.5615,1.7218
123,4,12304,VBN,VBN,1.4626,1.5057,1.224,1.3377,1.0549
123,5,12305,TO,TO,4.6166,3.0228,2.6686,2.5783,3.1889
123,6,12306,VB,VB,0.0377,0.029,0.0113,0.0074,0.0042
123,7,12307,JJ,JJ,2.9345,2.6891,2.3596,2.4589,2.7935
123,8,12308,NN,NN,0.9978,1.2861,1.5815,0.8583,1.64
123,9,12309,IN,IN,1.0335,1.325,1.2634,1.3557,1.1967
123,10,12310,VBG,VBG,3.1147,4.1381,3.286,4.0065,3.6694
123,11,12311,NN,NN,1.9548,2.2759,2.0827,2.0864,2.3864
123,12,12312,NNS,NNS,3.2342,2.1471,1.8101,2.2452,1.9342
123,13,12313,.,.,1.0412,2.0976,1.0568,1.5349,1.6701
124,1,12401,PRP,PRP,2.3193,1.9342,2.2211,2.4535,2.3022
124,2,12402,VBP,VBP,3.4896,3.1816,2.6522,1.8598,2.3547
124,3,12403,DT,DT,1.9153,1.3604,2.0831,1.3048,1.8679
124,4,12404,JJ,JJ,1.9584,1.3195,1.0054,1.1723,1.1459
124,5,12405,JJ,JJ,2.4177,2.5505,2.322,2.2479,2.402
124,6,12406,IN,IN,3.5571,3.6436,3.9227,4.0974,2.4921
124,7,12407,DT,DT,0.4981,0.5161,0.9465,0.9274,0.8119
124,8,12408,NN,NN,0.3611,0.5339,0.6839,0.9864,0.7377
124,9,12409,.,.,2.1436,2.8279,2.3825,2.0814,2.7498
125,1,12501,CD,CD,3.7372,4.6541,3.8793,4.1674,3.2139
125,2,12502,JJ,JJ,3.4647,3.1521,2.7224,3.812,3.3127
125,3,12503,NN,NN,1.0955,0.8116,1.2769,0.9976,1.2775
125,4,12504,NNS,NNS,2.8581,2.8263,1.4272,2.076,2.2959
125,5,12505,TO,TO,4.8031,5.719,6.2047,4.8237,5.4924
125,6,12506,VB,VB,0.0234,0.0162,0.0144,0.0579,0.1073
125,7,12507,NN,NN,2.9437,3.1904,2.539,2.6268,3.0173
125,8,12508,IN,IN,1.0359,1.3768,1.1838,1.5348,1.165
125,9,12509,VBG,VBG,3.043,4.5336,4.0933,3.8108,3.8525
125,10,12510,IN,IN,2.2801,2.3085,1.8015,2.2413,1.3954
125,11,12511,JJ,JJ,3.5986,3.5503,2.7873,2.2687,2.983
125,12,12512,NNS,NNS,1.3196,1.28,0.9468,0.9363,0.7432
125,13,12513,.,.,1.1288,2.0852,1.3474,2.1874,1.9441
126,1,12601,DT,DT,0.8294,0.9906,1.3371,1.3828,1.3407
126,2,12602,MD,MD,7.1297,7.5249,5.8793,8.1258,6.5931
126,3,12603,VB,VB,0.8088,0.0552,0.1867,0.0614,0.0409
126,4,12604,NN,NN,1.9259,3.0763,3.6247,2.3603,3.8881
126,5,12605,NN,NN,2.3311,2.118,2.5609,2.5369,2.8602
126,6,12606,.,.,2.9807,3.617,3.3286,3.3624,4.4154
